[mem] CUDA reserve capped at 80.0 GB (fraction=0.658 of 121.6 GB unified pool)
{
  "parameters": {
    "coupling": 3,
    "msg_readin": 9152,
    "context": 17792,
    "family_local": 18693938,
    "family_residual": 5969331,
    "family_readout": 131666,
    "assimilate": 1356030,
    "observation": 2073,
    "eeg": 27697,
    "eeg_montages": 59291,
    "bold": 3312,
    "behaviour": 34372,
    "TOTAL": 26304657
  },
  "posterior": 1102024
}
[leakage] R10 audit PASSED  backend=grouped_splitter  participants train/val/test=67/17/25 of 109
[leakage] GroupedSplitter cross-check ok=True
[leakage] cross-check warning: all records come from one site: this split cannot falsify a site/device shortcut (Appendix D 'Site/device shortcuts')
real EEG: 235647 windows, train/val/test = 145202/36500/53945
measured BOLD: 485 windows over 10 participants, 55/55 runs cached, 0 dropped for coverage
[leakage] R10 audit PASSED  backend=grouped_splitter  participants train/val/test=46/7/25 of 78
[leakage] GroupedSplitter cross-check ok=True
[leakage] cross-check warning: all records come from one site: this split cannot falsify a site/device shortcut (Appendix D 'Site/device shortcuts')
sleepedf_real: 77827 windows over 78 participants, 2 channels
[leakage] NOTE ds000117_eeg: fold(s) ['val'] are EMPTY and are NOT read by this call site (it consumes ['train']). windows per fold {'train': 2833, 'val': 0, 'test': 2989}, participants {'train': 1, 'val': 0, 'test': 1} of 2. No number is computed from them; the R10 audit over a fold this small establishes correspondingly little.
[leakage] R10 audit PASSED  backend=grouped_splitter  participants train/val/test=1/0/1 of 2
[leakage] warning: fold 'val' is empty
[leakage] GroupedSplitter cross-check ok=True
[leakage] cross-check warning: all records come from one site: this split cannot falsify a site/device shortcut (Appendix D 'Site/device shortcuts')
ds000117_real: 5822 windows over 2 participants, 70 channels
[leakage] NOTE ds004024_rest: fold(s) ['val', 'test'] are EMPTY and are NOT read by this call site (it consumes ['train']). windows per fold {'train': 502, 'val': 0, 'test': 0}, participants {'train': 2, 'val': 0, 'test': 0} of 2. No number is computed from them; the R10 audit over a fold this small establishes correspondingly little.
[leakage] R10 audit PASSED  backend=grouped_splitter  participants train/val/test=2/0/0 of 2
[leakage] warning: fold 'val' is empty
[leakage] warning: fold 'test' is empty
[leakage] GroupedSplitter cross-check ok=True
[leakage] cross-check warning: all records come from one site: this split cannot falsify a site/device shortcut (Appendix D 'Site/device shortcuts')
ds004024_rest_real: 502 windows over 2 participants, 64 channels
ds000117_behaviour: 1408 stimulus-locked episodes over 2 participants -- the first boundary_output in the mixture
ds004024_perturb: 704 TMS-evoked epochs over 2 participants, {'left': 384, 'right': 320}, 48 scored steps each
  skipped: [{'run': 'sub-CON006/run-06', 'reason': "the lateralised MEP did not decide the stimulated hemisphere above the stated effect-size floor; the drive's spatial support cannot be placed and this run is skipped rather than assigned the sign of a noisy mean"}]
[individualizer] 191 participants, 266 sessions, theta_dim=6
[noise-floor init] log_noise +0.0000 -> +0.0308  (variance 1.0000 -> 4.9878, realised 19.2420)

=== Stage T1_measured_founding: 4000 steps, lr=0.0006 ===
[curriculum] T1_measured_founding: tiers [1] sources ['ds000117_behaviour', 'ds000117_real', 'ds002336_real', 'ds004024_perturb', 'ds004024_rest_real', 'eegmmidb_real', 'sleepedf_real'] absent_tiers [] provenance=config:extra.curriculum
stage=T1_measured_founding  step=1  global_step=1  loss=1  lr=2.404e-05  wall_s=20.3  traj_s_per_s=0.2  gpu_reserved_gb=46.16  eegmmidb_real_eeg_nll=1.743  real_bold_nll=1.987  bold_log_scale=5.676  bold_parcels_covered=399
stage=T1_measured_founding  step=20  global_step=20  loss=1.127  lr=3.824e-05  wall_s=209.2  traj_s_per_s=0.4  gpu_reserved_gb=50.53  eegmmidb_real_eeg_nll=2.194  real_bold_nll=1.987  bold_log_scale=5.69  bold_parcels_covered=400
stage=T1_measured_founding  step=40  global_step=40  loss=1.224  lr=7.954e-05  wall_s=411.9  traj_s_per_s=0.4  gpu_reserved_gb=50.53  eegmmidb_real_eeg_nll=1.875  real_bold_nll=1.987  bold_log_scale=5.704  bold_parcels_covered=399
stage=T1_measured_founding  step=60  global_step=60  loss=1.197  lr=0.0001438  wall_s=625.1  traj_s_per_s=0.4  gpu_reserved_gb=50.53  eegmmidb_real_eeg_nll=1.529  real_bold_nll=1.986  bold_log_scale=5.758  bold_parcels_covered=397
stage=T1_measured_founding  step=80  global_step=80  loss=1.341  lr=0.0002247  wall_s=820.4  traj_s_per_s=0.4  gpu_reserved_gb=50.53  eegmmidb_real_eeg_nll=1.603  real_bold_nll=2.098  bold_log_scale=5.926  bold_parcels_covered=398
stage=T1_measured_founding  step=100  global_step=100  loss=1.532  lr=0.0003143  wall_s=1026  traj_s_per_s=0.4  gpu_reserved_gb=50.53  eegmmidb_real_eeg_nll=1.884  real_bold_nll=2.614  bold_log_scale=5.612  bold_parcels_covered=400
stage=T1_measured_founding  step=120  global_step=120  loss=1.4  lr=0.0004036  wall_s=1246  traj_s_per_s=0.4  gpu_reserved_gb=50.53  eegmmidb_real_eeg_nll=1.882  real_bold_nll=2.046  bold_log_scale=5.394  bold_parcels_covered=400
stage=T1_measured_founding  step=140  global_step=140  loss=11.53  lr=0.0004838  wall_s=1443  traj_s_per_s=0.4  gpu_reserved_gb=50.53  eegmmidb_real_eeg_nll=34.41  real_bold_nll=2.445  bold_log_scale=5.803  bold_parcels_covered=397
stage=T1_measured_founding  step=160  global_step=160  loss=2.02  lr=0.0005471  wall_s=1638  traj_s_per_s=0.4  gpu_reserved_gb=50.53  eegmmidb_real_eeg_nll=5.782  real_bold_nll=1.936  bold_log_scale=5.596  bold_parcels_covered=398
stage=T1_measured_founding  step=180  global_step=180  loss=0.8429  lr=0.0005871  wall_s=1834  traj_s_per_s=0.4  gpu_reserved_gb=50.53  eegmmidb_real_eeg_nll=2.041  real_bold_nll=1.921  bold_log_scale=5.479  bold_parcels_covered=398
stage=T1_measured_founding  step=200  global_step=200  loss=1.105  lr=0.0006  wall_s=2041  traj_s_per_s=0.4  gpu_reserved_gb=50.53  eegmmidb_real_eeg_nll=2.176  real_bold_nll=2.049  bold_log_scale=5.789  bold_parcels_covered=397
stage=T1_measured_founding  step=220  global_step=220  loss=1.101  lr=0.0006  wall_s=2239  traj_s_per_s=0.4  gpu_reserved_gb=50.53  eegmmidb_real_eeg_nll=2.067  real_bold_nll=3.818  bold_log_scale=5.467  bold_parcels_covered=400
stage=T1_measured_founding  step=240  global_step=240  loss=1.057  lr=0.0005998  wall_s=2450  traj_s_per_s=0.4  gpu_reserved_gb=50.53  eegmmidb_real_eeg_nll=1.84  real_bold_nll=3.566  bold_log_scale=5.647  bold_parcels_covered=395
stage=T1_measured_founding  step=260  global_step=260  loss=1.131  lr=0.0005996  wall_s=2662  traj_s_per_s=0.4  gpu_reserved_gb=50.53  eegmmidb_real_eeg_nll=1.857  real_bold_nll=5.392  bold_log_scale=5.574  bold_parcels_covered=400
stage=T1_measured_founding  step=280  global_step=280  loss=1.011  lr=0.0005993  wall_s=2855  traj_s_per_s=0.4  gpu_reserved_gb=50.53  eegmmidb_real_eeg_nll=1.56  real_bold_nll=5.078  bold_log_scale=5.72  bold_parcels_covered=400
stage=T1_measured_founding  step=300  global_step=300  loss=1.033  lr=0.000599  wall_s=3045  traj_s_per_s=0.4  gpu_reserved_gb=50.53  eegmmidb_real_eeg_nll=1.527  real_bold_nll=4.15  bold_log_scale=5.369  bold_parcels_covered=400
stage=T1_measured_founding  step=320  global_step=320  loss=1.077  lr=0.0005985  wall_s=3233  traj_s_per_s=0.4  gpu_reserved_gb=50.53  eegmmidb_real_eeg_nll=1.595  real_bold_nll=5.374  bold_log_scale=5.46  bold_parcels_covered=400
stage=T1_measured_founding  step=340  global_step=340  loss=1.029  lr=0.000598  wall_s=3422  traj_s_per_s=0.4  gpu_reserved_gb=50.53  eegmmidb_real_eeg_nll=1.469  real_bold_nll=4.184  bold_log_scale=5.721  bold_parcels_covered=397
stage=T1_measured_founding  step=360  global_step=360  loss=1.085  lr=0.0005973  wall_s=3608  traj_s_per_s=0.4  gpu_reserved_gb=50.53  eegmmidb_real_eeg_nll=1.508  real_bold_nll=8.422  bold_log_scale=5.359  bold_parcels_covered=400
stage=T1_measured_founding  step=380  global_step=380  loss=1.051  lr=0.0005966  wall_s=3802  traj_s_per_s=0.4  gpu_reserved_gb=50.53  eegmmidb_real_eeg_nll=1.602  real_bold_nll=13.44  bold_log_scale=5.482  bold_parcels_covered=400
stage=T1_measured_founding  step=400  global_step=400  loss=1.047  lr=0.0005959  wall_s=3992  traj_s_per_s=0.4  gpu_reserved_gb=50.53  eegmmidb_real_eeg_nll=1.569  real_bold_nll=19.77  bold_log_scale=5.666  bold_parcels_covered=400
stage=T1_measured_founding  step=420  global_step=420  loss=1.028  lr=0.000595  wall_s=4180  traj_s_per_s=0.4  gpu_reserved_gb=50.53  eegmmidb_real_eeg_nll=1.589  real_bold_nll=12.55  bold_log_scale=5.831  bold_parcels_covered=379
stage=T1_measured_founding  step=440  global_step=440  loss=1.007  lr=0.0005941  wall_s=4372  traj_s_per_s=0.4  gpu_reserved_gb=50.53  eegmmidb_real_eeg_nll=1.577  real_bold_nll=17.29  bold_log_scale=5.829  bold_parcels_covered=397
stage=T1_measured_founding  step=460  global_step=460  loss=0.9825  lr=0.000593  wall_s=4563  traj_s_per_s=0.4  gpu_reserved_gb=50.53  eegmmidb_real_eeg_nll=1.525  real_bold_nll=13.21  bold_log_scale=5.702  bold_parcels_covered=393
stage=T1_measured_founding  step=480  global_step=480  loss=1.059  lr=0.0005919  wall_s=4751  traj_s_per_s=0.4  gpu_reserved_gb=50.53  eegmmidb_real_eeg_nll=1.608  real_bold_nll=15.98  bold_log_scale=5.826  bold_parcels_covered=399
stage=T1_measured_founding  step=500  global_step=500  loss=0.9469  lr=0.0005908  wall_s=4941  traj_s_per_s=0.4  gpu_reserved_gb=50.53  eegmmidb_real_eeg_nll=1.492  real_bold_nll=15.4  bold_log_scale=5.537  bold_parcels_covered=379
stage=T1_measured_founding  step=520  global_step=520  loss=1.033  lr=0.0005895  wall_s=5133  traj_s_per_s=0.4  gpu_reserved_gb=50.53  eegmmidb_real_eeg_nll=1.484  real_bold_nll=22.6  bold_log_scale=5.537  bold_parcels_covered=400
stage=T1_measured_founding  step=540  global_step=540  loss=0.7032  lr=0.0005882  wall_s=5321  traj_s_per_s=0.4  gpu_reserved_gb=50.53  eegmmidb_real_eeg_nll=1.509  real_bold_nll=28.57  bold_log_scale=5.771  bold_parcels_covered=391
stage=T1_measured_founding  step=560  global_step=560  loss=0.8439  lr=0.0005867  wall_s=5514  traj_s_per_s=0.4  gpu_reserved_gb=50.53  eegmmidb_real_eeg_nll=1.556  real_bold_nll=17.35  bold_log_scale=5.589  bold_parcels_covered=400
stage=T1_measured_founding  step=580  global_step=580  loss=0.8969  lr=0.0005852  wall_s=5705  traj_s_per_s=0.4  gpu_reserved_gb=50.53  eegmmidb_real_eeg_nll=1.493  real_bold_nll=39.73  bold_log_scale=5.578  bold_parcels_covered=400
stage=T1_measured_founding  step=600  global_step=600  loss=0.9233  lr=0.0005837  wall_s=5897  traj_s_per_s=0.4  gpu_reserved_gb=50.53  eegmmidb_real_eeg_nll=1.499  real_bold_nll=32.63  bold_log_scale=5.669  bold_parcels_covered=391
stage=T1_measured_founding  step=620  global_step=620  loss=1.005  lr=0.000582  wall_s=6092  traj_s_per_s=0.4  gpu_reserved_gb=50.53  eegmmidb_real_eeg_nll=1.495  real_bold_nll=38.9  bold_log_scale=5.627  bold_parcels_covered=400
stage=T1_measured_founding  step=640  global_step=640  loss=0.9888  lr=0.0005803  wall_s=6285  traj_s_per_s=0.4  gpu_reserved_gb=50.53  eegmmidb_real_eeg_nll=1.516  real_bold_nll=41.17  bold_log_scale=5.809  bold_parcels_covered=397
stage=T1_measured_founding  step=660  global_step=660  loss=1.022  lr=0.0005785  wall_s=6479  traj_s_per_s=0.4  gpu_reserved_gb=50.53  eegmmidb_real_eeg_nll=1.578  real_bold_nll=55.85  bold_log_scale=5.684  bold_parcels_covered=399
stage=T1_measured_founding  step=680  global_step=680  loss=1.061  lr=0.0005766  wall_s=6671  traj_s_per_s=0.4  gpu_reserved_gb=50.53  eegmmidb_real_eeg_nll=1.482  real_bold_nll=89.33  bold_log_scale=5.459  bold_parcels_covered=393
stage=T1_measured_founding  step=700  global_step=700  loss=1.073  lr=0.0005746  wall_s=6866  traj_s_per_s=0.4  gpu_reserved_gb=50.53  eegmmidb_real_eeg_nll=1.524  real_bold_nll=82.4  bold_log_scale=5.564  bold_parcels_covered=400
stage=T1_measured_founding  step=720  global_step=720  loss=0.9961  lr=0.0005726  wall_s=7061  traj_s_per_s=0.4  gpu_reserved_gb=50.53  eegmmidb_real_eeg_nll=1.513  real_bold_nll=51.97  bold_log_scale=5.49  bold_parcels_covered=400
stage=T1_measured_founding  step=740  global_step=740  loss=0.9825  lr=0.0005705  wall_s=7257  traj_s_per_s=0.4  gpu_reserved_gb=50.53  eegmmidb_real_eeg_nll=1.486  real_bold_nll=85.14  bold_log_scale=5.615  bold_parcels_covered=400
stage=T1_measured_founding  step=760  global_step=760  loss=0.9404  lr=0.0005683  wall_s=7474  traj_s_per_s=0.4  gpu_reserved_gb=50.53  eegmmidb_real_eeg_nll=1.426  real_bold_nll=96.68  bold_log_scale=5.562  bold_parcels_covered=400
stage=T1_measured_founding  step=780  global_step=780  loss=0.9866  lr=0.0005661  wall_s=7673  traj_s_per_s=0.4  gpu_reserved_gb=50.53  eegmmidb_real_eeg_nll=1.466  real_bold_nll=54.62  bold_log_scale=5.367  bold_parcels_covered=400
stage=T1_measured_founding  step=800  global_step=800  loss=0.986  lr=0.0005637  wall_s=7872  traj_s_per_s=0.4  gpu_reserved_gb=50.53  eegmmidb_real_eeg_nll=1.425  real_bold_nll=137.9  bold_log_scale=5.572  bold_parcels_covered=400
stage=T1_measured_founding  step=820  global_step=820  loss=1.033  lr=0.0005613  wall_s=8093  traj_s_per_s=0.4  gpu_reserved_gb=50.53  eegmmidb_real_eeg_nll=1.578  real_bold_nll=135.5  bold_log_scale=5.619  bold_parcels_covered=400
stage=T1_measured_founding  step=840  global_step=840  loss=0.9733  lr=0.0005589  wall_s=8320  traj_s_per_s=0.4  gpu_reserved_gb=50.53  eegmmidb_real_eeg_nll=1.54  real_bold_nll=163.6  bold_log_scale=5.844  bold_parcels_covered=399
stage=T1_measured_founding  step=860  global_step=860  loss=0.9595  lr=0.0005563  wall_s=8520  traj_s_per_s=0.4  gpu_reserved_gb=50.53  eegmmidb_real_eeg_nll=1.62  real_bold_nll=127.7  bold_log_scale=5.55  bold_parcels_covered=400
stage=T1_measured_founding  step=880  global_step=880  loss=0.9208  lr=0.0005537  wall_s=8724  traj_s_per_s=0.4  gpu_reserved_gb=50.53  eegmmidb_real_eeg_nll=1.418  real_bold_nll=102.3  bold_log_scale=5.265  bold_parcels_covered=400
stage=T1_measured_founding  step=900  global_step=900  loss=0.9303  lr=0.000551  wall_s=8948  traj_s_per_s=0.4  gpu_reserved_gb=50.53  eegmmidb_real_eeg_nll=1.457  real_bold_nll=136.1  bold_log_scale=5.574  bold_parcels_covered=400
stage=T1_measured_founding  step=920  global_step=920  loss=1.011  lr=0.0005483  wall_s=9176  traj_s_per_s=0.4  gpu_reserved_gb=50.53  eegmmidb_real_eeg_nll=1.583  real_bold_nll=83.47  bold_log_scale=5.324  bold_parcels_covered=400
stage=T1_measured_founding  step=940  global_step=940  loss=0.9504  lr=0.0005454  wall_s=9375  traj_s_per_s=0.4  gpu_reserved_gb=50.53  eegmmidb_real_eeg_nll=1.469  real_bold_nll=187.8  bold_log_scale=5.777  bold_parcels_covered=400
stage=T1_measured_founding  step=960  global_step=960  loss=0.9976  lr=0.0005426  wall_s=9580  traj_s_per_s=0.4  gpu_reserved_gb=50.53  eegmmidb_real_eeg_nll=1.48  real_bold_nll=156.9  bold_log_scale=5.621  bold_parcels_covered=397
stage=T1_measured_founding  step=980  global_step=980  loss=1.002  lr=0.0005396  wall_s=9783  traj_s_per_s=0.4  gpu_reserved_gb=50.53  eegmmidb_real_eeg_nll=1.467  real_bold_nll=243.9  bold_log_scale=5.754  bold_parcels_covered=397
stage=T1_measured_founding  step=1000  global_step=1000  loss=0.9778  lr=0.0005366  wall_s=9986  traj_s_per_s=0.4  gpu_reserved_gb=50.53  eegmmidb_real_eeg_nll=1.519  real_bold_nll=104.5  bold_log_scale=5.495  bold_parcels_covered=400
stage=T1_measured_founding  step=1020  global_step=1020  loss=0.9643  lr=0.0005335  wall_s=1.021e+04  traj_s_per_s=0.4  gpu_reserved_gb=50.53  eegmmidb_real_eeg_nll=1.495  real_bold_nll=102.9  bold_log_scale=5.306  bold_parcels_covered=400
stage=T1_measured_founding  step=1040  global_step=1040  loss=0.979  lr=0.0005304  wall_s=1.041e+04  traj_s_per_s=0.4  gpu_reserved_gb=50.53  eegmmidb_real_eeg_nll=1.476  real_bold_nll=192.8  bold_log_scale=5.561  bold_parcels_covered=399
stage=T1_measured_founding  step=1060  global_step=1060  loss=0.9638  lr=0.0005272  wall_s=1.063e+04  traj_s_per_s=0.4  gpu_reserved_gb=50.53  eegmmidb_real_eeg_nll=1.434  real_bold_nll=221.7  bold_log_scale=5.498  bold_parcels_covered=400
stage=T1_measured_founding  step=1080  global_step=1080  loss=1.022  lr=0.0005239  wall_s=1.083e+04  traj_s_per_s=0.4  gpu_reserved_gb=50.53  eegmmidb_real_eeg_nll=1.533  real_bold_nll=353.8  bold_log_scale=5.687  bold_parcels_covered=399
stage=T1_measured_founding  step=1100  global_step=1100  loss=1.004  lr=0.0005205  wall_s=1.103e+04  traj_s_per_s=0.4  gpu_reserved_gb=50.53  eegmmidb_real_eeg_nll=1.457  real_bold_nll=380.9  bold_log_scale=5.734  bold_parcels_covered=398
stage=T1_measured_founding  step=1120  global_step=1120  loss=0.9337  lr=0.0005172  wall_s=1.124e+04  traj_s_per_s=0.4  gpu_reserved_gb=50.53  eegmmidb_real_eeg_nll=1.394  real_bold_nll=211.2  bold_log_scale=5.638  bold_parcels_covered=400
stage=T1_measured_founding  step=1140  global_step=1140  loss=1.068  lr=0.0005137  wall_s=1.146e+04  traj_s_per_s=0.4  gpu_reserved_gb=50.53  eegmmidb_real_eeg_nll=1.483  real_bold_nll=103.6  bold_log_scale=5.344  bold_parcels_covered=400
stage=T1_measured_founding  step=1160  global_step=1160  loss=0.9987  lr=0.0005102  wall_s=1.167e+04  traj_s_per_s=0.4  gpu_reserved_gb=50.53  eegmmidb_real_eeg_nll=1.481  real_bold_nll=281.2  bold_log_scale=5.63  bold_parcels_covered=391
stage=T1_measured_founding  step=1180  global_step=1180  loss=0.9522  lr=0.0005066  wall_s=1.191e+04  traj_s_per_s=0.4  gpu_reserved_gb=50.53  eegmmidb_real_eeg_nll=1.465  real_bold_nll=217.8  bold_log_scale=5.488  bold_parcels_covered=400
stage=T1_measured_founding  step=1200  global_step=1200  loss=1.109  lr=0.000503  wall_s=1.21e+04  traj_s_per_s=0.4  gpu_reserved_gb=50.53  eegmmidb_real_eeg_nll=1.608  real_bold_nll=319  bold_log_scale=5.598  bold_parcels_covered=400
stage=T1_measured_founding  step=1220  global_step=1220  loss=1.029  lr=0.0004993  wall_s=1.233e+04  traj_s_per_s=0.4  gpu_reserved_gb=50.53  eegmmidb_real_eeg_nll=1.492  real_bold_nll=243.8  bold_log_scale=5.521  bold_parcels_covered=400
stage=T1_measured_founding  step=1240  global_step=1240  loss=1.038  lr=0.0004956  wall_s=1.255e+04  traj_s_per_s=0.4  gpu_reserved_gb=50.53  eegmmidb_real_eeg_nll=1.555  real_bold_nll=284.2  bold_log_scale=5.535  bold_parcels_covered=400
stage=T1_measured_founding  step=1260  global_step=1260  loss=0.9881  lr=0.0004918  wall_s=1.277e+04  traj_s_per_s=0.4  gpu_reserved_gb=50.53  eegmmidb_real_eeg_nll=1.445  real_bold_nll=372.6  bold_log_scale=5.684  bold_parcels_covered=399
stage=T1_measured_founding  step=1280  global_step=1280  loss=1.044  lr=0.000488  wall_s=1.297e+04  traj_s_per_s=0.4  gpu_reserved_gb=50.53  eegmmidb_real_eeg_nll=1.459  real_bold_nll=350.7  bold_log_scale=5.642  bold_parcels_covered=400
stage=T1_measured_founding  step=1300  global_step=1300  loss=1.026  lr=0.0004841  wall_s=1.32e+04  traj_s_per_s=0.4  gpu_reserved_gb=50.53  eegmmidb_real_eeg_nll=1.514  real_bold_nll=186.1  bold_log_scale=5.414  bold_parcels_covered=400
stage=T1_measured_founding  step=1320  global_step=1320  loss=1.021  lr=0.0004801  wall_s=1.34e+04  traj_s_per_s=0.4  gpu_reserved_gb=50.53  eegmmidb_real_eeg_nll=1.436  real_bold_nll=364.3  bold_log_scale=5.636  bold_parcels_covered=398
stage=T1_measured_founding  step=1340  global_step=1340  loss=0.9322  lr=0.0004761  wall_s=1.361e+04  traj_s_per_s=0.4  gpu_reserved_gb=50.53  eegmmidb_real_eeg_nll=1.339  real_bold_nll=169.8  bold_log_scale=5.493  bold_parcels_covered=400
stage=T1_measured_founding  step=1360  global_step=1360  loss=1.035  lr=0.0004721  wall_s=1.38e+04  traj_s_per_s=0.4  gpu_reserved_gb=50.53  eegmmidb_real_eeg_nll=1.523  real_bold_nll=438  bold_log_scale=5.621  bold_parcels_covered=398
stage=T1_measured_founding  step=1380  global_step=1380  loss=0.9594  lr=0.000468  wall_s=1.4e+04  traj_s_per_s=0.4  gpu_reserved_gb=50.53  eegmmidb_real_eeg_nll=1.472  real_bold_nll=149.3  bold_log_scale=5.463  bold_parcels_covered=400
stage=T1_measured_founding  step=1400  global_step=1400  loss=1.064  lr=0.0004639  wall_s=1.419e+04  traj_s_per_s=0.4  gpu_reserved_gb=50.53  eegmmidb_real_eeg_nll=1.464  real_bold_nll=342.4  bold_log_scale=5.784  bold_parcels_covered=395
stage=T1_measured_founding  step=1420  global_step=1420  loss=0.983  lr=0.0004597  wall_s=1.438e+04  traj_s_per_s=0.4  gpu_reserved_gb=50.53  eegmmidb_real_eeg_nll=1.466  real_bold_nll=137  bold_log_scale=5.537  bold_parcels_covered=399
stage=T1_measured_founding  step=1440  global_step=1440  loss=0.9718  lr=0.0004555  wall_s=1.458e+04  traj_s_per_s=0.4  gpu_reserved_gb=50.53  eegmmidb_real_eeg_nll=1.504  real_bold_nll=163.4  bold_log_scale=5.46  bold_parcels_covered=400
stage=T1_measured_founding  step=1460  global_step=1460  loss=0.9569  lr=0.0004512  wall_s=1.478e+04  traj_s_per_s=0.4  gpu_reserved_gb=50.53  eegmmidb_real_eeg_nll=1.384  real_bold_nll=363.9  bold_log_scale=5.744  bold_parcels_covered=393
stage=T1_measured_founding  step=1480  global_step=1480  loss=1.072  lr=0.0004469  wall_s=1.497e+04  traj_s_per_s=0.4  gpu_reserved_gb=50.53  eegmmidb_real_eeg_nll=1.559  real_bold_nll=361.9  bold_log_scale=5.818  bold_parcels_covered=397
stage=T1_measured_founding  step=1500  global_step=1500  loss=0.97  lr=0.0004426  wall_s=1.516e+04  traj_s_per_s=0.4  gpu_reserved_gb=50.53  eegmmidb_real_eeg_nll=1.432  real_bold_nll=232.2  bold_log_scale=5.505  bold_parcels_covered=400
stage=T1_measured_founding  step=1520  global_step=1520  loss=0.9619  lr=0.0004382  wall_s=1.536e+04  traj_s_per_s=0.4  gpu_reserved_gb=50.53  eegmmidb_real_eeg_nll=1.422  real_bold_nll=196.1  bold_log_scale=5.531  bold_parcels_covered=400
stage=T1_measured_founding  step=1540  global_step=1540  loss=0.9757  lr=0.0004338  wall_s=1.556e+04  traj_s_per_s=0.4  gpu_reserved_gb=50.53  eegmmidb_real_eeg_nll=1.472  real_bold_nll=161.8  bold_log_scale=5.47  bold_parcels_covered=400
stage=T1_measured_founding  step=1560  global_step=1560  loss=0.9672  lr=0.0004293  wall_s=1.576e+04  traj_s_per_s=0.4  gpu_reserved_gb=50.53  eegmmidb_real_eeg_nll=1.371  real_bold_nll=318.8  bold_log_scale=5.638  bold_parcels_covered=393
stage=T1_measured_founding  step=1580  global_step=1580  loss=1.019  lr=0.0004248  wall_s=1.596e+04  traj_s_per_s=0.4  gpu_reserved_gb=50.53  eegmmidb_real_eeg_nll=1.533  real_bold_nll=236.8  bold_log_scale=5.666  bold_parcels_covered=398
stage=T1_measured_founding  step=1600  global_step=1600  loss=0.9473  lr=0.0004203  wall_s=1.616e+04  traj_s_per_s=0.4  gpu_reserved_gb=50.53  eegmmidb_real_eeg_nll=1.332  real_bold_nll=353.1  bold_log_scale=5.718  bold_parcels_covered=395
stage=T1_measured_founding  step=1620  global_step=1620  loss=0.9482  lr=0.0004157  wall_s=1.636e+04  traj_s_per_s=0.4  gpu_reserved_gb=50.53  eegmmidb_real_eeg_nll=1.401  real_bold_nll=214.2  bold_log_scale=5.559  bold_parcels_covered=397
stage=T1_measured_founding  step=1640  global_step=1640  loss=0.892  lr=0.0004111  wall_s=1.655e+04  traj_s_per_s=0.4  gpu_reserved_gb=50.53  eegmmidb_real_eeg_nll=1.472  real_bold_nll=243.5  bold_log_scale=5.652  bold_parcels_covered=400
stage=T1_measured_founding  step=1660  global_step=1660  loss=0.9956  lr=0.0004065  wall_s=1.675e+04  traj_s_per_s=0.4  gpu_reserved_gb=50.53  eegmmidb_real_eeg_nll=1.527  real_bold_nll=116.2  bold_log_scale=5.268  bold_parcels_covered=400
stage=T1_measured_founding  step=1680  global_step=1680  loss=0.9378  lr=0.0004019  wall_s=1.694e+04  traj_s_per_s=0.4  gpu_reserved_gb=50.53  eegmmidb_real_eeg_nll=1.386  real_bold_nll=4.035e+04  bold_log_scale=5.686  bold_parcels_covered=400
stage=T1_measured_founding  step=1700  global_step=1700  loss=1.05  lr=0.0003972  wall_s=1.713e+04  traj_s_per_s=0.4  gpu_reserved_gb=50.53  eegmmidb_real_eeg_nll=1.456  real_bold_nll=2.19e+05  bold_log_scale=5.535  bold_parcels_covered=400
stage=T1_measured_founding  step=1720  global_step=1720  loss=0.9485  lr=0.0003925  wall_s=1.732e+04  traj_s_per_s=0.4  gpu_reserved_gb=50.53  eegmmidb_real_eeg_nll=1.469  real_bold_nll=279.4  bold_log_scale=5.677  bold_parcels_covered=400
stage=T1_measured_founding  step=1740  global_step=1740  loss=0.9128  lr=0.0003877  wall_s=1.751e+04  traj_s_per_s=0.4  gpu_reserved_gb=50.53  eegmmidb_real_eeg_nll=1.382  real_bold_nll=370.9  bold_log_scale=5.792  bold_parcels_covered=399
stage=T1_measured_founding  step=1760  global_step=1760  loss=1.145  lr=0.000383  wall_s=1.772e+04  traj_s_per_s=0.4  gpu_reserved_gb=50.53  eegmmidb_real_eeg_nll=1.357  real_bold_nll=1.328e+05  bold_log_scale=5.572  bold_parcels_covered=400
stage=T1_measured_founding  step=1780  global_step=1780  loss=0.9338  lr=0.0003782  wall_s=1.791e+04  traj_s_per_s=0.4  gpu_reserved_gb=50.53  eegmmidb_real_eeg_nll=1.38  real_bold_nll=4853  bold_log_scale=5.476  bold_parcels_covered=400
stage=T1_measured_founding  step=1800  global_step=1800  loss=0.9425  lr=0.0003734  wall_s=1.809e+04  traj_s_per_s=0.4  gpu_reserved_gb=50.55  eegmmidb_real_eeg_nll=1.436  real_bold_nll=245.5  bold_log_scale=5.459  bold_parcels_covered=400
stage=T1_measured_founding  step=1820  global_step=1820  loss=0.972  lr=0.0003686  wall_s=1.828e+04  traj_s_per_s=0.4  gpu_reserved_gb=50.55  eegmmidb_real_eeg_nll=1.494  real_bold_nll=144.1  bold_log_scale=5.402  bold_parcels_covered=400
stage=T1_measured_founding  step=1840  global_step=1840  loss=0.934  lr=0.0003637  wall_s=1.847e+04  traj_s_per_s=0.4  gpu_reserved_gb=50.55  eegmmidb_real_eeg_nll=1.394  real_bold_nll=271.4  bold_log_scale=5.604  bold_parcels_covered=400
stage=T1_measured_founding  step=1860  global_step=1860  loss=0.9284  lr=0.0003589  wall_s=1.866e+04  traj_s_per_s=0.4  gpu_reserved_gb=50.55  eegmmidb_real_eeg_nll=1.466  real_bold_nll=153  bold_log_scale=5.35  bold_parcels_covered=400
stage=T1_measured_founding  step=1880  global_step=1880  loss=1.18  lr=0.000354  wall_s=1.885e+04  traj_s_per_s=0.4  gpu_reserved_gb=50.55  eegmmidb_real_eeg_nll=1.399  real_bold_nll=6.043e+05  bold_log_scale=5.62  bold_parcels_covered=393
stage=T1_measured_founding  step=1900  global_step=1900  loss=0.9356  lr=0.0003491  wall_s=1.904e+04  traj_s_per_s=0.4  gpu_reserved_gb=50.55  eegmmidb_real_eeg_nll=1.468  real_bold_nll=9.63e+04  bold_log_scale=5.388  bold_parcels_covered=400
stage=T1_measured_founding  step=1920  global_step=1920  loss=0.9936  lr=0.0003442  wall_s=1.923e+04  traj_s_per_s=0.4  gpu_reserved_gb=50.55  eegmmidb_real_eeg_nll=1.501  real_bold_nll=1.772e+04  bold_log_scale=5.673  bold_parcels_covered=400
stage=T1_measured_founding  step=1940  global_step=1940  loss=0.9382  lr=0.0003393  wall_s=1.945e+04  traj_s_per_s=0.4  gpu_reserved_gb=50.55  eegmmidb_real_eeg_nll=1.412  real_bold_nll=310.2  bold_log_scale=5.627  bold_parcels_covered=398
stage=T1_measured_founding  step=1960  global_step=1960  loss=1.115  lr=0.0003344  wall_s=1.964e+04  traj_s_per_s=0.4  gpu_reserved_gb=50.55  eegmmidb_real_eeg_nll=1.411  real_bold_nll=1.653e+05  bold_log_scale=5.454  bold_parcels_covered=400
stage=T1_measured_founding  step=1980  global_step=1980  loss=1.007  lr=0.0003295  wall_s=1.983e+04  traj_s_per_s=0.4  gpu_reserved_gb=50.55  eegmmidb_real_eeg_nll=1.494  real_bold_nll=6.283e+04  bold_log_scale=5.839  bold_parcels_covered=400
stage=T1_measured_founding  step=2000  global_step=2000  loss=0.9597  lr=0.0003245  wall_s=2.005e+04  traj_s_per_s=0.4  gpu_reserved_gb=50.55  eegmmidb_real_eeg_nll=1.46  real_bold_nll=385.6  bold_log_scale=5.823  bold_parcels_covered=400
stage=T1_measured_founding  step=2020  global_step=2020  loss=0.9105  lr=0.0003196  wall_s=2.025e+04  traj_s_per_s=0.4  gpu_reserved_gb=50.55  eegmmidb_real_eeg_nll=1.454  real_bold_nll=314.4  bold_log_scale=5.58  bold_parcels_covered=399
stage=T1_measured_founding  step=2040  global_step=2040  loss=0.9396  lr=0.0003146  wall_s=2.044e+04  traj_s_per_s=0.4  gpu_reserved_gb=50.55  eegmmidb_real_eeg_nll=1.417  real_bold_nll=329.2  bold_log_scale=5.637  bold_parcels_covered=400
stage=T1_measured_founding  step=2060  global_step=2060  loss=0.9273  lr=0.0003097  wall_s=2.065e+04  traj_s_per_s=0.4  gpu_reserved_gb=50.55  eegmmidb_real_eeg_nll=1.383  real_bold_nll=232.4  bold_log_scale=5.45  bold_parcels_covered=398
stage=T1_measured_founding  step=2080  global_step=2080  loss=1.002  lr=0.0003047  wall_s=2.085e+04  traj_s_per_s=0.4  gpu_reserved_gb=50.55  eegmmidb_real_eeg_nll=1.532  real_bold_nll=349.2  bold_log_scale=5.688  bold_parcels_covered=400
stage=T1_measured_founding  step=2100  global_step=2100  loss=0.9258  lr=0.0002998  wall_s=2.104e+04  traj_s_per_s=0.4  gpu_reserved_gb=50.55  eegmmidb_real_eeg_nll=1.404  real_bold_nll=226.2  bold_log_scale=5.418  bold_parcels_covered=400
stage=T1_measured_founding  step=2120  global_step=2120  loss=0.928  lr=0.0002948  wall_s=2.124e+04  traj_s_per_s=0.4  gpu_reserved_gb=50.55  eegmmidb_real_eeg_nll=1.449  real_bold_nll=300.5  bold_log_scale=5.62  bold_parcels_covered=400
stage=T1_measured_founding  step=2140  global_step=2140  loss=0.9433  lr=0.0002898  wall_s=2.144e+04  traj_s_per_s=0.4  gpu_reserved_gb=50.55  eegmmidb_real_eeg_nll=1.365  real_bold_nll=312.4  bold_log_scale=5.7  bold_parcels_covered=399
stage=T1_measured_founding  step=2160  global_step=2160  loss=0.9429  lr=0.0002849  wall_s=2.164e+04  traj_s_per_s=0.4  gpu_reserved_gb=50.55  eegmmidb_real_eeg_nll=1.311  real_bold_nll=339.7  bold_log_scale=5.799  bold_parcels_covered=398
stage=T1_measured_founding  step=2180  global_step=2180  loss=1.015  lr=0.0002799  wall_s=2.186e+04  traj_s_per_s=0.4  gpu_reserved_gb=50.55  eegmmidb_real_eeg_nll=1.464  real_bold_nll=210.6  bold_log_scale=5.533  bold_parcels_covered=400
stage=T1_measured_founding  step=2200  global_step=2200  loss=1.004  lr=0.000275  wall_s=2.207e+04  traj_s_per_s=0.4  gpu_reserved_gb=50.55  eegmmidb_real_eeg_nll=1.451  real_bold_nll=305.1  bold_log_scale=5.677  bold_parcels_covered=398
stage=T1_measured_founding  step=2220  global_step=2220  loss=1.109  lr=0.00027  wall_s=2.227e+04  traj_s_per_s=0.4  gpu_reserved_gb=50.55  eegmmidb_real_eeg_nll=1.505  real_bold_nll=292.9  bold_log_scale=5.627  bold_parcels_covered=400
stage=T1_measured_founding  step=2240  global_step=2240  loss=1.097  lr=0.0002651  wall_s=2.246e+04  traj_s_per_s=0.4  gpu_reserved_gb=50.55  eegmmidb_real_eeg_nll=1.586  real_bold_nll=239.9  bold_log_scale=5.585  bold_parcels_covered=379
stage=T1_measured_founding  step=2260  global_step=2260  loss=1.029  lr=0.0002602  wall_s=2.267e+04  traj_s_per_s=0.4  gpu_reserved_gb=50.55  eegmmidb_real_eeg_nll=1.415  real_bold_nll=188.3  bold_log_scale=5.557  bold_parcels_covered=400
stage=T1_measured_founding  step=2280  global_step=2280  loss=1.033  lr=0.0002553  wall_s=2.287e+04  traj_s_per_s=0.4  gpu_reserved_gb=50.55  eegmmidb_real_eeg_nll=1.473  real_bold_nll=219.7  bold_log_scale=5.603  bold_parcels_covered=400
stage=T1_measured_founding  step=2300  global_step=2300  loss=1.001  lr=0.0002504  wall_s=2.308e+04  traj_s_per_s=0.4  gpu_reserved_gb=50.55  eegmmidb_real_eeg_nll=1.484  real_bold_nll=232.9  bold_log_scale=5.471  bold_parcels_covered=397
stage=T1_measured_founding  step=2320  global_step=2320  loss=0.9916  lr=0.0002455  wall_s=2.329e+04  traj_s_per_s=0.4  gpu_reserved_gb=50.55  eegmmidb_real_eeg_nll=1.371  real_bold_nll=249.5  bold_log_scale=5.619  bold_parcels_covered=400
stage=T1_measured_founding  step=2340  global_step=2340  loss=1.084  lr=0.0002406  wall_s=2.351e+04  traj_s_per_s=0.4  gpu_reserved_gb=50.55  eegmmidb_real_eeg_nll=1.546  real_bold_nll=321.2  bold_log_scale=5.801  bold_parcels_covered=397
stage=T1_measured_founding  step=2360  global_step=2360  loss=0.9777  lr=0.0002358  wall_s=2.371e+04  traj_s_per_s=0.4  gpu_reserved_gb=50.55  eegmmidb_real_eeg_nll=1.401  real_bold_nll=309.4  bold_log_scale=5.686  bold_parcels_covered=400
stage=T1_measured_founding  step=2380  global_step=2380  loss=1.076  lr=0.0002309  wall_s=2.391e+04  traj_s_per_s=0.4  gpu_reserved_gb=50.55  eegmmidb_real_eeg_nll=1.587  real_bold_nll=222.8  bold_log_scale=5.654  bold_parcels_covered=399
stage=T1_measured_founding  step=2400  global_step=2400  loss=0.9679  lr=0.0002261  wall_s=2.411e+04  traj_s_per_s=0.4  gpu_reserved_gb=50.55  eegmmidb_real_eeg_nll=1.395  real_bold_nll=195.9  bold_log_scale=5.61  bold_parcels_covered=400
stage=T1_measured_founding  step=2420  global_step=2420  loss=1.055  lr=0.0002213  wall_s=2.432e+04  traj_s_per_s=0.4  gpu_reserved_gb=50.55  eegmmidb_real_eeg_nll=1.348  real_bold_nll=223.6  bold_log_scale=5.702  bold_parcels_covered=398
stage=T1_measured_founding  step=2440  global_step=2440  loss=0.9599  lr=0.0002165  wall_s=2.452e+04  traj_s_per_s=0.4  gpu_reserved_gb=50.55  eegmmidb_real_eeg_nll=1.378  real_bold_nll=262.4  bold_log_scale=5.673  bold_parcels_covered=395
stage=T1_measured_founding  step=2460  global_step=2460  loss=0.984  lr=0.0002118  wall_s=2.471e+04  traj_s_per_s=0.4  gpu_reserved_gb=50.55  eegmmidb_real_eeg_nll=1.516  real_bold_nll=251.3  bold_log_scale=5.688  bold_parcels_covered=393
stage=T1_measured_founding  step=2480  global_step=2480  loss=1.033  lr=0.0002071  wall_s=2.491e+04  traj_s_per_s=0.4  gpu_reserved_gb=50.55  eegmmidb_real_eeg_nll=1.467  real_bold_nll=218.3  bold_log_scale=5.676  bold_parcels_covered=400
stage=T1_measured_founding  step=2500  global_step=2500  loss=0.9634  lr=0.0002024  wall_s=2.51e+04  traj_s_per_s=0.4  gpu_reserved_gb=50.55  eegmmidb_real_eeg_nll=1.382  real_bold_nll=266.1  bold_log_scale=5.743  bold_parcels_covered=400
stage=T1_measured_founding  step=2520  global_step=2520  loss=0.9583  lr=0.0001977  wall_s=2.53e+04  traj_s_per_s=0.4  gpu_reserved_gb=50.55  eegmmidb_real_eeg_nll=1.443  real_bold_nll=725.3  bold_log_scale=5.611  bold_parcels_covered=400
stage=T1_measured_founding  step=2540  global_step=2540  loss=1.061  lr=0.000193  wall_s=2.549e+04  traj_s_per_s=0.4  gpu_reserved_gb=50.55  eegmmidb_real_eeg_nll=1.471  real_bold_nll=240  bold_log_scale=5.717  bold_parcels_covered=398
stage=T1_measured_founding  step=2560  global_step=2560  loss=0.9288  lr=0.0001884  wall_s=2.568e+04  traj_s_per_s=0.4  gpu_reserved_gb=50.55  eegmmidb_real_eeg_nll=1.443  real_bold_nll=200  bold_log_scale=5.287  bold_parcels_covered=400
stage=T1_measured_founding  step=2580  global_step=2580  loss=0.997  lr=0.0001838  wall_s=2.588e+04  traj_s_per_s=0.4  gpu_reserved_gb=50.55  eegmmidb_real_eeg_nll=1.391  real_bold_nll=7303  bold_log_scale=5.581  bold_parcels_covered=397
stage=T1_measured_founding  step=2600  global_step=2600  loss=0.9822  lr=0.0001793  wall_s=2.607e+04  traj_s_per_s=0.4  gpu_reserved_gb=50.55  eegmmidb_real_eeg_nll=1.446  real_bold_nll=1.484e+04  bold_log_scale=5.616  bold_parcels_covered=400
stage=T1_measured_founding  step=2620  global_step=2620  loss=1.133  lr=0.0001747  wall_s=2.626e+04  traj_s_per_s=0.4  gpu_reserved_gb=50.55  eegmmidb_real_eeg_nll=1.52  real_bold_nll=2.457e+04  bold_log_scale=5.404  bold_parcels_covered=395
stage=T1_measured_founding  step=2640  global_step=2640  loss=1.028  lr=0.0001703  wall_s=2.646e+04  traj_s_per_s=0.4  gpu_reserved_gb=50.55  eegmmidb_real_eeg_nll=1.458  real_bold_nll=8029  bold_log_scale=5.412  bold_parcels_covered=400
stage=T1_measured_founding  step=2660  global_step=2660  loss=0.9925  lr=0.0001658  wall_s=2.666e+04  traj_s_per_s=0.4  gpu_reserved_gb=50.55  eegmmidb_real_eeg_nll=1.412  real_bold_nll=1940  bold_log_scale=5.41  bold_parcels_covered=400
stage=T1_measured_founding  step=2680  global_step=2680  loss=0.929  lr=0.0001614  wall_s=2.686e+04  traj_s_per_s=0.4  gpu_reserved_gb=50.55  eegmmidb_real_eeg_nll=1.465  real_bold_nll=1474  bold_log_scale=5.838  bold_parcels_covered=378
stage=T1_measured_founding  step=2700  global_step=2700  loss=1.089  lr=0.000157  wall_s=2.705e+04  traj_s_per_s=0.4  gpu_reserved_gb=50.55  eegmmidb_real_eeg_nll=1.722  real_bold_nll=343.5  bold_log_scale=5.737  bold_parcels_covered=397
stage=T1_measured_founding  step=2720  global_step=2720  loss=1.082  lr=0.0001527  wall_s=2.725e+04  traj_s_per_s=0.4  gpu_reserved_gb=50.55  eegmmidb_real_eeg_nll=1.475  real_bold_nll=8820  bold_log_scale=5.514  bold_parcels_covered=400
stage=T1_measured_founding  step=2740  global_step=2740  loss=1.16  lr=0.0001484  wall_s=2.744e+04  traj_s_per_s=0.4  gpu_reserved_gb=50.55  eegmmidb_real_eeg_nll=1.657  real_bold_nll=9582  bold_log_scale=5.422  bold_parcels_covered=400
stage=T1_measured_founding  step=2760  global_step=2760  loss=1.021  lr=0.0001441  wall_s=2.763e+04  traj_s_per_s=0.4  gpu_reserved_gb=50.55  eegmmidb_real_eeg_nll=1.397  real_bold_nll=1.64e+04  bold_log_scale=5.755  bold_parcels_covered=399
stage=T1_measured_founding  step=2780  global_step=2780  loss=0.969  lr=0.0001399  wall_s=2.782e+04  traj_s_per_s=0.4  gpu_reserved_gb=50.55  eegmmidb_real_eeg_nll=1.421  real_bold_nll=1.087e+04  bold_log_scale=5.467  bold_parcels_covered=400
stage=T1_measured_founding  step=2800  global_step=2800  loss=0.9958  lr=0.0001357  wall_s=2.801e+04  traj_s_per_s=0.4  gpu_reserved_gb=50.55  eegmmidb_real_eeg_nll=1.403  real_bold_nll=2.421e+04  bold_log_scale=5.817  bold_parcels_covered=397
stage=T1_measured_founding  step=2820  global_step=2820  loss=0.9963  lr=0.0001316  wall_s=2.821e+04  traj_s_per_s=0.4  gpu_reserved_gb=50.55  eegmmidb_real_eeg_nll=1.421  real_bold_nll=9829  bold_log_scale=5.665  bold_parcels_covered=397
stage=T1_measured_founding  step=2840  global_step=2840  loss=0.931  lr=0.0001275  wall_s=2.84e+04  traj_s_per_s=0.4  gpu_reserved_gb=50.55  eegmmidb_real_eeg_nll=1.341  real_bold_nll=1.456e+04  bold_log_scale=5.529  bold_parcels_covered=400
stage=T1_measured_founding  step=2860  global_step=2860  loss=0.9174  lr=0.0001235  wall_s=2.86e+04  traj_s_per_s=0.4  gpu_reserved_gb=50.55  eegmmidb_real_eeg_nll=1.326  real_bold_nll=2214  bold_log_scale=5.74  bold_parcels_covered=384
stage=T1_measured_founding  step=2880  global_step=2880  loss=0.9694  lr=0.0001195  wall_s=2.879e+04  traj_s_per_s=0.4  gpu_reserved_gb=50.55  eegmmidb_real_eeg_nll=1.368  real_bold_nll=9742  bold_log_scale=5.445  bold_parcels_covered=400
stage=T1_measured_founding  step=2900  global_step=2900  loss=0.99  lr=0.0001155  wall_s=2.902e+04  traj_s_per_s=0.4  gpu_reserved_gb=50.55  eegmmidb_real_eeg_nll=1.523  real_bold_nll=2620  bold_log_scale=5.787  bold_parcels_covered=400
stage=T1_measured_founding  step=2920  global_step=2920  loss=0.9609  lr=0.0001117  wall_s=2.922e+04  traj_s_per_s=0.4  gpu_reserved_gb=50.55  eegmmidb_real_eeg_nll=1.412  real_bold_nll=3688  bold_log_scale=5.642  bold_parcels_covered=400
stage=T1_measured_founding  step=2940  global_step=2940  loss=0.9865  lr=0.0001078  wall_s=2.941e+04  traj_s_per_s=0.4  gpu_reserved_gb=50.55  eegmmidb_real_eeg_nll=1.461  real_bold_nll=2445  bold_log_scale=5.512  bold_parcels_covered=400
stage=T1_measured_founding  step=2960  global_step=2960  loss=1.067  lr=0.000104  wall_s=2.961e+04  traj_s_per_s=0.4  gpu_reserved_gb=50.55  eegmmidb_real_eeg_nll=1.338  real_bold_nll=1.781e+04  bold_log_scale=5.37  bold_parcels_covered=400
stage=T1_measured_founding  step=2980  global_step=2980  loss=0.9546  lr=0.0001003  wall_s=2.98e+04  traj_s_per_s=0.4  gpu_reserved_gb=50.55  eegmmidb_real_eeg_nll=1.399  real_bold_nll=3661  bold_log_scale=5.596  bold_parcels_covered=400
stage=T1_measured_founding  step=3000  global_step=3000  loss=1.018  lr=9.664e-05  wall_s=2.999e+04  traj_s_per_s=0.4  gpu_reserved_gb=50.55  eegmmidb_real_eeg_nll=1.549  real_bold_nll=5011  bold_log_scale=5.559  bold_parcels_covered=379
stage=T1_measured_founding  step=3020  global_step=3020  loss=1.037  lr=9.302e-05  wall_s=3.019e+04  traj_s_per_s=0.4  gpu_reserved_gb=50.55  eegmmidb_real_eeg_nll=1.572  real_bold_nll=7162  bold_log_scale=5.692  bold_parcels_covered=400
stage=T1_measured_founding  step=3040  global_step=3040  loss=1.057  lr=8.945e-05  wall_s=3.039e+04  traj_s_per_s=0.4  gpu_reserved_gb=50.55  eegmmidb_real_eeg_nll=1.543  real_bold_nll=1.538e+04  bold_log_scale=5.586  bold_parcels_covered=400
stage=T1_measured_founding  step=3060  global_step=3060  loss=0.9193  lr=8.595e-05  wall_s=3.058e+04  traj_s_per_s=0.4  gpu_reserved_gb=50.55  eegmmidb_real_eeg_nll=1.348  real_bold_nll=7358  bold_log_scale=5.517  bold_parcels_covered=400
stage=T1_measured_founding  step=3080  global_step=3080  loss=0.9305  lr=8.25e-05  wall_s=3.08e+04  traj_s_per_s=0.4  gpu_reserved_gb=50.55  eegmmidb_real_eeg_nll=1.303  real_bold_nll=2372  bold_log_scale=5.742  bold_parcels_covered=379
stage=T1_measured_founding  step=3100  global_step=3100  loss=0.9068  lr=7.912e-05  wall_s=3.101e+04  traj_s_per_s=0.4  gpu_reserved_gb=50.55  eegmmidb_real_eeg_nll=1.381  real_bold_nll=672.6  bold_log_scale=5.809  bold_parcels_covered=397
stage=T1_measured_founding  step=3120  global_step=3120  loss=0.9575  lr=7.579e-05  wall_s=3.12e+04  traj_s_per_s=0.4  gpu_reserved_gb=50.55  eegmmidb_real_eeg_nll=1.37  real_bold_nll=9595  bold_log_scale=5.574  bold_parcels_covered=400
stage=T1_measured_founding  step=3140  global_step=3140  loss=1.066  lr=7.253e-05  wall_s=3.141e+04  traj_s_per_s=0.4  gpu_reserved_gb=50.55  eegmmidb_real_eeg_nll=1.415  real_bold_nll=1.759e+04  bold_log_scale=5.615  bold_parcels_covered=400
stage=T1_measured_founding  step=3160  global_step=3160  loss=0.9552  lr=6.932e-05  wall_s=3.162e+04  traj_s_per_s=0.4  gpu_reserved_gb=50.55  eegmmidb_real_eeg_nll=1.331  real_bold_nll=6524  bold_log_scale=5.756  bold_parcels_covered=399
stage=T1_measured_founding  step=3180  global_step=3180  loss=0.9567  lr=6.618e-05  wall_s=3.182e+04  traj_s_per_s=0.4  gpu_reserved_gb=50.55  eegmmidb_real_eeg_nll=1.381  real_bold_nll=273.6  bold_log_scale=5.63  bold_parcels_covered=397
stage=T1_measured_founding  step=3200  global_step=3200  loss=0.9804  lr=6.311e-05  wall_s=3.202e+04  traj_s_per_s=0.4  gpu_reserved_gb=50.55  eegmmidb_real_eeg_nll=1.481  real_bold_nll=1795  bold_log_scale=5.605  bold_parcels_covered=400
stage=T1_measured_founding  step=3220  global_step=3220  loss=1.036  lr=6.01e-05  wall_s=3.223e+04  traj_s_per_s=0.4  gpu_reserved_gb=50.55  eegmmidb_real_eeg_nll=1.568  real_bold_nll=1737  bold_log_scale=5.614  bold_parcels_covered=400
stage=T1_measured_founding  step=3240  global_step=3240  loss=1.04  lr=5.715e-05  wall_s=3.245e+04  traj_s_per_s=0.4  gpu_reserved_gb=50.55  eegmmidb_real_eeg_nll=1.488  real_bold_nll=7262  bold_log_scale=5.459  bold_parcels_covered=400
stage=T1_measured_founding  step=3260  global_step=3260  loss=0.9781  lr=5.427e-05  wall_s=3.27e+04  traj_s_per_s=0.4  gpu_reserved_gb=50.55  eegmmidb_real_eeg_nll=1.336  real_bold_nll=5567  bold_log_scale=5.738  bold_parcels_covered=399
stage=T1_measured_founding  step=3280  global_step=3280  loss=1.042  lr=5.146e-05  wall_s=3.292e+04  traj_s_per_s=0.4  gpu_reserved_gb=50.55  eegmmidb_real_eeg_nll=1.405  real_bold_nll=6688  bold_log_scale=5.749  bold_parcels_covered=399
stage=T1_measured_founding  step=3300  global_step=3300  loss=0.9523  lr=4.872e-05  wall_s=3.313e+04  traj_s_per_s=0.4  gpu_reserved_gb=50.55  eegmmidb_real_eeg_nll=1.455  real_bold_nll=440.7  bold_log_scale=5.436  bold_parcels_covered=400
stage=T1_measured_founding  step=3320  global_step=3320  loss=1.051  lr=4.604e-05  wall_s=3.333e+04  traj_s_per_s=0.4  gpu_reserved_gb=50.55  eegmmidb_real_eeg_nll=1.399  real_bold_nll=8746  bold_log_scale=5.602  bold_parcels_covered=399
stage=T1_measured_founding  step=3340  global_step=3340  loss=1.014  lr=4.344e-05  wall_s=3.353e+04  traj_s_per_s=0.4  gpu_reserved_gb=50.55  eegmmidb_real_eeg_nll=1.394  real_bold_nll=8652  bold_log_scale=5.717  bold_parcels_covered=398
stage=T1_measured_founding  step=3360  global_step=3360  loss=1.02  lr=4.09e-05  wall_s=3.374e+04  traj_s_per_s=0.4  gpu_reserved_gb=50.55  eegmmidb_real_eeg_nll=1.469  real_bold_nll=4957  bold_log_scale=5.462  bold_parcels_covered=400
stage=T1_measured_founding  step=3380  global_step=3380  loss=0.9571  lr=3.844e-05  wall_s=3.395e+04  traj_s_per_s=0.4  gpu_reserved_gb=50.55  eegmmidb_real_eeg_nll=1.502  real_bold_nll=1728  bold_log_scale=5.534  bold_parcels_covered=400
stage=T1_measured_founding  step=3400  global_step=3400  loss=0.9721  lr=3.604e-05  wall_s=3.416e+04  traj_s_per_s=0.4  gpu_reserved_gb=50.55  eegmmidb_real_eeg_nll=1.366  real_bold_nll=7734  bold_log_scale=5.552  bold_parcels_covered=395
stage=T1_measured_founding  step=3420  global_step=3420  loss=1.109  lr=3.372e-05  wall_s=3.437e+04  traj_s_per_s=0.4  gpu_reserved_gb=50.55  eegmmidb_real_eeg_nll=1.622  real_bold_nll=7453  bold_log_scale=5.565  bold_parcels_covered=400
stage=T1_measured_founding  step=3440  global_step=3440  loss=0.9306  lr=3.147e-05  wall_s=3.458e+04  traj_s_per_s=0.4  gpu_reserved_gb=50.55  eegmmidb_real_eeg_nll=1.391  real_bold_nll=4402  bold_log_scale=5.723  bold_parcels_covered=384
stage=T1_measured_founding  step=3460  global_step=3460  loss=0.8632  lr=2.93e-05  wall_s=3.478e+04  traj_s_per_s=0.4  gpu_reserved_gb=50.55  eegmmidb_real_eeg_nll=1.268  real_bold_nll=2084  bold_log_scale=5.415  bold_parcels_covered=400
stage=T1_measured_founding  step=3480  global_step=3480  loss=0.9735  lr=2.72e-05  wall_s=3.499e+04  traj_s_per_s=0.4  gpu_reserved_gb=50.55  eegmmidb_real_eeg_nll=1.368  real_bold_nll=2786  bold_log_scale=5.593  bold_parcels_covered=400
stage=T1_measured_founding  step=3500  global_step=3500  loss=0.9616  lr=2.517e-05  wall_s=3.519e+04  traj_s_per_s=0.4  gpu_reserved_gb=50.55  eegmmidb_real_eeg_nll=1.399  real_bold_nll=2175  bold_log_scale=5.512  bold_parcels_covered=400
stage=T1_measured_founding  step=3520  global_step=3520  loss=1.029  lr=2.322e-05  wall_s=3.539e+04  traj_s_per_s=0.4  gpu_reserved_gb=50.55  eegmmidb_real_eeg_nll=1.412  real_bold_nll=7350  bold_log_scale=5.745  bold_parcels_covered=397
stage=T1_measured_founding  step=3540  global_step=3540  loss=0.975  lr=2.134e-05  wall_s=3.558e+04  traj_s_per_s=0.4  gpu_reserved_gb=50.55  eegmmidb_real_eeg_nll=1.484  real_bold_nll=461  bold_log_scale=5.457  bold_parcels_covered=400
stage=T1_measured_founding  step=3560  global_step=3560  loss=0.9695  lr=1.954e-05  wall_s=3.578e+04  traj_s_per_s=0.4  gpu_reserved_gb=50.55  eegmmidb_real_eeg_nll=1.407  real_bold_nll=3871  bold_log_scale=5.622  bold_parcels_covered=400
stage=T1_measured_founding  step=3580  global_step=3580  loss=0.9732  lr=1.782e-05  wall_s=3.598e+04  traj_s_per_s=0.4  gpu_reserved_gb=50.55  eegmmidb_real_eeg_nll=1.344  real_bold_nll=7516  bold_log_scale=5.688  bold_parcels_covered=397
stage=T1_measured_founding  step=3600  global_step=3600  loss=1.021  lr=1.618e-05  wall_s=3.618e+04  traj_s_per_s=0.4  gpu_reserved_gb=50.55  eegmmidb_real_eeg_nll=1.442  real_bold_nll=1.028e+04  bold_log_scale=5.722  bold_parcels_covered=395
stage=T1_measured_founding  step=3620  global_step=3620  loss=0.9617  lr=1.461e-05  wall_s=3.64e+04  traj_s_per_s=0.4  gpu_reserved_gb=50.55  eegmmidb_real_eeg_nll=1.358  real_bold_nll=6359  bold_log_scale=5.515  bold_parcels_covered=400
stage=T1_measured_founding  step=3640  global_step=3640  loss=1.094  lr=1.312e-05  wall_s=3.659e+04  traj_s_per_s=0.4  gpu_reserved_gb=50.55  eegmmidb_real_eeg_nll=1.608  real_bold_nll=1.084e+04  bold_log_scale=5.524  bold_parcels_covered=400
stage=T1_measured_founding  step=3660  global_step=3660  loss=1.076  lr=1.171e-05  wall_s=3.678e+04  traj_s_per_s=0.4  gpu_reserved_gb=50.55  eegmmidb_real_eeg_nll=1.372  real_bold_nll=1.1e+04  bold_log_scale=5.681  bold_parcels_covered=397
stage=T1_measured_founding  step=3680  global_step=3680  loss=1.016  lr=1.037e-05  wall_s=3.697e+04  traj_s_per_s=0.4  gpu_reserved_gb=50.55  eegmmidb_real_eeg_nll=1.352  real_bold_nll=4.057e+04  bold_log_scale=5.851  bold_parcels_covered=391
stage=T1_measured_founding  step=3700  global_step=3700  loss=1.132  lr=9.121e-06  wall_s=3.716e+04  traj_s_per_s=0.4  gpu_reserved_gb=50.55  eegmmidb_real_eeg_nll=1.496  real_bold_nll=3.005e+04  bold_log_scale=5.643  bold_parcels_covered=400
stage=T1_measured_founding  step=3720  global_step=3720  loss=0.9619  lr=7.948e-06  wall_s=3.735e+04  traj_s_per_s=0.4  gpu_reserved_gb=50.55  eegmmidb_real_eeg_nll=1.396  real_bold_nll=1.49e+04  bold_log_scale=5.708  bold_parcels_covered=384
stage=T1_measured_founding  step=3740  global_step=3740  loss=1.035  lr=6.854e-06  wall_s=3.754e+04  traj_s_per_s=0.4  gpu_reserved_gb=50.55  eegmmidb_real_eeg_nll=1.383  real_bold_nll=1.146e+04  bold_log_scale=5.488  bold_parcels_covered=400
stage=T1_measured_founding  step=3760  global_step=3760  loss=1.017  lr=5.84e-06  wall_s=3.773e+04  traj_s_per_s=0.4  gpu_reserved_gb=50.55  eegmmidb_real_eeg_nll=1.448  real_bold_nll=2.619e+04  bold_log_scale=5.711  bold_parcels_covered=397
stage=T1_measured_founding  step=3780  global_step=3780  loss=0.9772  lr=4.906e-06  wall_s=3.792e+04  traj_s_per_s=0.4  gpu_reserved_gb=50.55  eegmmidb_real_eeg_nll=1.475  real_bold_nll=1.945e+04  bold_log_scale=5.644  bold_parcels_covered=399
stage=T1_measured_founding  step=3800  global_step=3800  loss=0.9672  lr=4.053e-06  wall_s=3.811e+04  traj_s_per_s=0.4  gpu_reserved_gb=50.55  eegmmidb_real_eeg_nll=1.371  real_bold_nll=2.146e+04  bold_log_scale=5.594  bold_parcels_covered=398
stage=T1_measured_founding  step=3820  global_step=3820  loss=0.9356  lr=3.281e-06  wall_s=3.831e+04  traj_s_per_s=0.4  gpu_reserved_gb=50.55  eegmmidb_real_eeg_nll=1.372  real_bold_nll=3769  bold_log_scale=5.541  bold_parcels_covered=400
stage=T1_measured_founding  step=3840  global_step=3840  loss=1.012  lr=2.591e-06  wall_s=3.851e+04  traj_s_per_s=0.4  gpu_reserved_gb=50.55  eegmmidb_real_eeg_nll=1.417  real_bold_nll=2.72e+04  bold_log_scale=5.7  bold_parcels_covered=400
stage=T1_measured_founding  step=3860  global_step=3860  loss=0.982  lr=1.981e-06  wall_s=3.87e+04  traj_s_per_s=0.4  gpu_reserved_gb=50.55  eegmmidb_real_eeg_nll=1.413  real_bold_nll=2.122e+04  bold_log_scale=5.653  bold_parcels_covered=400
stage=T1_measured_founding  step=3880  global_step=3880  loss=0.954  lr=1.453e-06  wall_s=3.891e+04  traj_s_per_s=0.4  gpu_reserved_gb=50.55  eegmmidb_real_eeg_nll=1.38  real_bold_nll=1.478e+04  bold_log_scale=5.553  bold_parcels_covered=393
stage=T1_measured_founding  step=3900  global_step=3900  loss=1.067  lr=1.007e-06  wall_s=3.914e+04  traj_s_per_s=0.4  gpu_reserved_gb=50.55  eegmmidb_real_eeg_nll=1.414  real_bold_nll=1.373e+04  bold_log_scale=5.651  bold_parcels_covered=379
stage=T1_measured_founding  step=3920  global_step=3920  loss=0.9192  lr=6.42e-07  wall_s=3.935e+04  traj_s_per_s=0.4  gpu_reserved_gb=50.55  eegmmidb_real_eeg_nll=1.415  real_bold_nll=4068  bold_log_scale=5.599  bold_parcels_covered=400
stage=T1_measured_founding  step=3940  global_step=3940  loss=1.012  lr=3.592e-07  wall_s=3.955e+04  traj_s_per_s=0.4  gpu_reserved_gb=50.55  eegmmidb_real_eeg_nll=1.332  real_bold_nll=2.771e+04  bold_log_scale=5.808  bold_parcels_covered=397
stage=T1_measured_founding  step=3960  global_step=3960  loss=1.007  lr=1.583e-07  wall_s=3.976e+04  traj_s_per_s=0.4  gpu_reserved_gb=50.55  eegmmidb_real_eeg_nll=1.433  real_bold_nll=1.922e+04  bold_log_scale=5.659  bold_parcels_covered=400
stage=T1_measured_founding  step=3980  global_step=3980  loss=1.01  lr=3.941e-08  wall_s=3.996e+04  traj_s_per_s=0.4  gpu_reserved_gb=50.55  eegmmidb_real_eeg_nll=1.404  real_bold_nll=2.108e+04  bold_log_scale=5.673  bold_parcels_covered=400
stage=T1_measured_founding  step=4000  global_step=4000  loss=1.001  lr=2.503e-09  wall_s=4.016e+04  traj_s_per_s=0.4  gpu_reserved_gb=50.55  eegmmidb_real_eeg_nll=1.429  real_bold_nll=2.074e+04  bold_log_scale=5.65  bold_parcels_covered=384
[noise-floor after:T1_measured_founding] log_noise +0.0014 -> -0.2496  (variance 2.6264 -> 50.9328, realised 18.8911)

=== Stage T2_calibration: 600 steps, lr=0.0003 ===
[curriculum] T2_calibration: tiers [1, 2] sources ['ds000117_behaviour', 'ds000117_real', 'ds002336_real', 'ds004024_perturb', 'ds004024_rest_real', 'eegmmidb_real', 'montage_calibration', 'sleepedf_real'] absent_tiers [] provenance=config:extra.curriculum
stage=T2_calibration  step=1  global_step=4001  loss=1  lr=1.22e-05  wall_s=10.9  traj_s_per_s=0.4  gpu_reserved_gb=50.55  eegmmidb_real_eeg_nll=1.519  real_bold_nll=3.317e+04  bold_log_scale=5.788  bold_parcels_covered=398
stage=T2_calibration  step=20  global_step=4020  loss=1.03  lr=8.622e-05  wall_s=196.9  traj_s_per_s=0.4  gpu_reserved_gb=50.55  eegmmidb_real_eeg_nll=1.696  real_bold_nll=1.454e+04  bold_log_scale=5.541  bold_parcels_covered=400
stage=T2_calibration  step=40  global_step=4040  loss=1.182  lr=0.0002324  wall_s=394.4  traj_s_per_s=0.4  gpu_reserved_gb=50.55  eegmmidb_real_eeg_nll=1.543  real_bold_nll=7.865e+04  bold_log_scale=5.683  bold_parcels_covered=398
stage=T2_calibration  step=60  global_step=4060  loss=1.058  lr=0.0003  wall_s=591.3  traj_s_per_s=0.4  gpu_reserved_gb=50.55  eegmmidb_real_eeg_nll=1.407  real_bold_nll=1.451e+05  bold_log_scale=5.758  bold_parcels_covered=400
stage=T2_calibration  step=80  global_step=4080  loss=0.9374  lr=0.0002989  wall_s=790.5  traj_s_per_s=0.4  gpu_reserved_gb=50.55  eegmmidb_real_eeg_nll=1.456  real_bold_nll=1.715e+05  bold_log_scale=5.638  bold_parcels_covered=400
stage=T2_calibration  step=100  global_step=4100  loss=0.9745  lr=0.0002958  wall_s=994.5  traj_s_per_s=0.4  gpu_reserved_gb=50.55  eegmmidb_real_eeg_nll=1.464  real_bold_nll=2.295e+05  bold_log_scale=5.604  bold_parcels_covered=400
stage=T2_calibration  step=120  global_step=4120  loss=0.9133  lr=0.0002907  wall_s=1199  traj_s_per_s=0.4  gpu_reserved_gb=50.55  eegmmidb_real_eeg_nll=1.419  real_bold_nll=2.662e+04  bold_log_scale=5.61  bold_parcels_covered=400
stage=T2_calibration  step=140  global_step=4140  loss=1.08  lr=0.0002837  wall_s=1404  traj_s_per_s=0.4  gpu_reserved_gb=50.55  eegmmidb_real_eeg_nll=1.659  real_bold_nll=2.542e+05  bold_log_scale=5.553  bold_parcels_covered=400
stage=T2_calibration  step=160  global_step=4160  loss=0.9815  lr=0.0002748  wall_s=1598  traj_s_per_s=0.4  gpu_reserved_gb=50.55  eegmmidb_real_eeg_nll=1.471  real_bold_nll=1.397e+05  bold_log_scale=5.739  bold_parcels_covered=400
stage=T2_calibration  step=180  global_step=4180  loss=0.8861  lr=0.0002643  wall_s=1782  traj_s_per_s=0.4  gpu_reserved_gb=50.55  eegmmidb_real_eeg_nll=1.41  real_bold_nll=1.133e+04  bold_log_scale=5.624  bold_parcels_covered=397
stage=T2_calibration  step=200  global_step=4200  loss=0.9565  lr=0.0002523  wall_s=1970  traj_s_per_s=0.4  gpu_reserved_gb=50.55  eegmmidb_real_eeg_nll=1.445  real_bold_nll=2802  bold_log_scale=5.679  bold_parcels_covered=400
stage=T2_calibration  step=220  global_step=4220  loss=0.9084  lr=0.0002389  wall_s=2160  traj_s_per_s=0.4  gpu_reserved_gb=50.55  eegmmidb_real_eeg_nll=1.436  real_bold_nll=7473  bold_log_scale=5.7  bold_parcels_covered=400
stage=T2_calibration  step=240  global_step=4240  loss=1.046  lr=0.0002242  wall_s=2345  traj_s_per_s=0.4  gpu_reserved_gb=50.55  eegmmidb_real_eeg_nll=1.464  real_bold_nll=605.4  bold_log_scale=5.321  bold_parcels_covered=400
stage=T2_calibration  step=260  global_step=4260  loss=0.8909  lr=0.0002086  wall_s=2533  traj_s_per_s=0.4  gpu_reserved_gb=50.55  eegmmidb_real_eeg_nll=1.347  real_bold_nll=753.9  bold_log_scale=5.618  bold_parcels_covered=400
stage=T2_calibration  step=280  global_step=4280  loss=0.9608  lr=0.0001922  wall_s=2719  traj_s_per_s=0.4  gpu_reserved_gb=50.55  eegmmidb_real_eeg_nll=1.493  real_bold_nll=730.4  bold_log_scale=5.546  bold_parcels_covered=379
stage=T2_calibration  step=300  global_step=4300  loss=1.039  lr=0.0001752  wall_s=2902  traj_s_per_s=0.4  gpu_reserved_gb=50.55  eegmmidb_real_eeg_nll=1.443  real_bold_nll=7069  bold_log_scale=5.57  bold_parcels_covered=400
stage=T2_calibration  step=320  global_step=4320  loss=1.046  lr=0.0001579  wall_s=3088  traj_s_per_s=0.4  gpu_reserved_gb=50.55  eegmmidb_real_eeg_nll=1.474  real_bold_nll=6201  bold_log_scale=5.523  bold_parcels_covered=400
stage=T2_calibration  step=340  global_step=4340  loss=0.999  lr=0.0001404  wall_s=3271  traj_s_per_s=0.4  gpu_reserved_gb=50.55  eegmmidb_real_eeg_nll=1.482  real_bold_nll=5489  bold_log_scale=5.891  bold_parcels_covered=398
stage=T2_calibration  step=360  global_step=4360  loss=1.238  lr=0.0001231  wall_s=3456  traj_s_per_s=0.4  gpu_reserved_gb=50.55  eegmmidb_real_eeg_nll=1.427  real_bold_nll=3.715e+04  bold_log_scale=5.714  bold_parcels_covered=393
stage=T2_calibration  step=380  global_step=4380  loss=1.02  lr=0.0001061  wall_s=3639  traj_s_per_s=0.4  gpu_reserved_gb=50.55  eegmmidb_real_eeg_nll=1.597  real_bold_nll=1.127e+04  bold_log_scale=5.916  bold_parcels_covered=397
stage=T2_calibration  step=400  global_step=4400  loss=1.023  lr=8.979e-05  wall_s=3820  traj_s_per_s=0.4  gpu_reserved_gb=50.55  eegmmidb_real_eeg_nll=1.553  real_bold_nll=6314  bold_log_scale=5.418  bold_parcels_covered=400
stage=T2_calibration  step=420  global_step=4420  loss=0.9672  lr=7.425e-05  wall_s=4005  traj_s_per_s=0.4  gpu_reserved_gb=50.55  eegmmidb_real_eeg_nll=1.397  real_bold_nll=1.257e+04  bold_log_scale=5.548  bold_parcels_covered=400
stage=T2_calibration  step=440  global_step=4440  loss=0.9627  lr=5.973e-05  wall_s=4190  traj_s_per_s=0.4  gpu_reserved_gb=50.55  eegmmidb_real_eeg_nll=1.426  real_bold_nll=4873  bold_log_scale=5.589  bold_parcels_covered=400
stage=T2_calibration  step=460  global_step=4460  loss=0.9772  lr=4.643e-05  wall_s=4374  traj_s_per_s=0.4  gpu_reserved_gb=50.55  eegmmidb_real_eeg_nll=1.473  real_bold_nll=5326  bold_log_scale=5.593  bold_parcels_covered=357
stage=T2_calibration  step=480  global_step=4480  loss=1.009  lr=3.454e-05  wall_s=4560  traj_s_per_s=0.4  gpu_reserved_gb=50.55  eegmmidb_real_eeg_nll=1.526  real_bold_nll=1452  bold_log_scale=5.393  bold_parcels_covered=400
stage=T2_calibration  step=500  global_step=4500  loss=1.108  lr=2.42e-05  wall_s=4741  traj_s_per_s=0.4  gpu_reserved_gb=50.55  eegmmidb_real_eeg_nll=1.458  real_bold_nll=2.392e+04  bold_log_scale=5.518  bold_parcels_covered=400
stage=T2_calibration  step=520  global_step=4520  loss=1.028  lr=1.557e-05  wall_s=4928  traj_s_per_s=0.4  gpu_reserved_gb=50.55  eegmmidb_real_eeg_nll=1.464  real_bold_nll=1.554e+04  bold_log_scale=5.599  bold_parcels_covered=399
stage=T2_calibration  step=540  global_step=4540  loss=0.9733  lr=8.751e-06  wall_s=5112  traj_s_per_s=0.4  gpu_reserved_gb=50.55  eegmmidb_real_eeg_nll=1.468  real_bold_nll=6182  bold_log_scale=5.548  bold_parcels_covered=399
stage=T2_calibration  step=560  global_step=4560  loss=0.9739  lr=3.846e-06  wall_s=5297  traj_s_per_s=0.4  gpu_reserved_gb=50.55  eegmmidb_real_eeg_nll=1.329  real_bold_nll=2.448e+04  bold_log_scale=5.647  bold_parcels_covered=400
stage=T2_calibration  step=580  global_step=4580  loss=0.9495  lr=9.167e-07  wall_s=5482  traj_s_per_s=0.4  gpu_reserved_gb=50.55  eegmmidb_real_eeg_nll=1.413  real_bold_nll=6927  bold_log_scale=5.55  bold_parcels_covered=400
stage=T2_calibration  step=600  global_step=4600  loss=0.9993  lr=3.738e-09  wall_s=5668  traj_s_per_s=0.4  gpu_reserved_gb=50.55  eegmmidb_real_eeg_nll=1.364  real_bold_nll=3.107e+04  bold_log_scale=5.737  bold_parcels_covered=398
[noise-floor after:T2_calibration] log_noise -0.2527 -> -0.4138  (variance 46.8287 -> 295.4414, realised 19.1169)

=== Stage T3_population_prior: 800 steps, lr=0.0003 ===
[curriculum] T3_population_prior: tiers [1, 2, 3] sources ['anatomical_prior', 'ds000117_behaviour', 'ds000117_real', 'ds002336_real', 'ds004024_perturb', 'ds004024_rest_real', 'eegmmidb_real', 'montage_calibration', 'sleepedf_real'] absent_tiers [] provenance=config:extra.curriculum
stage=T3_population_prior  step=1  global_step=4601  loss=1  lr=1.211e-05  wall_s=8.5  traj_s_per_s=0.5  gpu_reserved_gb=50.55  eegmmidb_real_eeg_nll=1.524  real_bold_nll=1.959e+04  bold_log_scale=5.623  bold_parcels_covered=400
stage=T3_population_prior  step=20  global_step=4620  loss=1.025  lr=5.519e-05  wall_s=186.7  traj_s_per_s=0.4  gpu_reserved_gb=50.55  eegmmidb_real_eeg_nll=1.494  real_bold_nll=2.898e+04  bold_log_scale=5.712  bold_parcels_covered=400
stage=T3_population_prior  step=40  global_step=4640  loss=0.944  lr=0.0001589  wall_s=377.4  traj_s_per_s=0.4  gpu_reserved_gb=50.55  eegmmidb_real_eeg_nll=1.47  real_bold_nll=1.511e+04  bold_log_scale=5.553  bold_parcels_covered=400
stage=T3_population_prior  step=60  global_step=4660  loss=1.079  lr=0.0002608  wall_s=563.6  traj_s_per_s=0.4  gpu_reserved_gb=50.55  eegmmidb_real_eeg_nll=1.537  real_bold_nll=1.221e+05  bold_log_scale=5.556  bold_parcels_covered=400
stage=T3_population_prior  step=80  global_step=4680  loss=0.912  lr=0.0003  wall_s=752  traj_s_per_s=0.4  gpu_reserved_gb=50.55  eegmmidb_real_eeg_nll=1.478  real_bold_nll=9649  bold_log_scale=5.7  bold_parcels_covered=398
stage=T3_population_prior  step=100  global_step=4700  loss=1.015  lr=0.0002994  wall_s=940.6  traj_s_per_s=0.4  gpu_reserved_gb=50.55  eegmmidb_real_eeg_nll=1.542  real_bold_nll=8.893e+04  bold_log_scale=5.429  bold_parcels_covered=397
stage=T3_population_prior  step=120  global_step=4720  loss=0.9337  lr=0.0002976  wall_s=1132  traj_s_per_s=0.4  gpu_reserved_gb=50.55  eegmmidb_real_eeg_nll=1.514  real_bold_nll=7174  bold_log_scale=5.584  bold_parcels_covered=357
stage=T3_population_prior  step=140  global_step=4740  loss=1.052  lr=0.0002947  wall_s=1323  traj_s_per_s=0.4  gpu_reserved_gb=50.55  eegmmidb_real_eeg_nll=1.551  real_bold_nll=4.789e+04  bold_log_scale=5.387  bold_parcels_covered=400
stage=T3_population_prior  step=160  global_step=4760  loss=1.059  lr=0.0002907  wall_s=1516  traj_s_per_s=0.4  gpu_reserved_gb=50.55  eegmmidb_real_eeg_nll=1.657  real_bold_nll=2657  bold_log_scale=5.711  bold_parcels_covered=398
stage=T3_population_prior  step=180  global_step=4780  loss=0.9096  lr=0.0002857  wall_s=1706  traj_s_per_s=0.4  gpu_reserved_gb=50.55  eegmmidb_real_eeg_nll=1.413  real_bold_nll=4480  bold_log_scale=5.713  bold_parcels_covered=398
stage=T3_population_prior  step=200  global_step=4800  loss=0.9583  lr=0.0002796  wall_s=1894  traj_s_per_s=0.4  gpu_reserved_gb=50.55  eegmmidb_real_eeg_nll=1.505  real_bold_nll=6923  bold_log_scale=5.556  bold_parcels_covered=399
stage=T3_population_prior  step=220  global_step=4820  loss=1.048  lr=0.0002725  wall_s=2082  traj_s_per_s=0.4  gpu_reserved_gb=50.55  eegmmidb_real_eeg_nll=1.578  real_bold_nll=9185  bold_log_scale=5.609  bold_parcels_covered=400
stage=T3_population_prior  step=240  global_step=4840  loss=1.121  lr=0.0002645  wall_s=2268  traj_s_per_s=0.4  gpu_reserved_gb=50.55  eegmmidb_real_eeg_nll=1.519  real_bold_nll=1.417e+04  bold_log_scale=5.627  bold_parcels_covered=393
stage=T3_population_prior  step=260  global_step=4860  loss=1.161  lr=0.0002556  wall_s=2459  traj_s_per_s=0.4  gpu_reserved_gb=50.55  eegmmidb_real_eeg_nll=1.478  real_bold_nll=1.265e+05  bold_log_scale=5.678  bold_parcels_covered=398
stage=T3_population_prior  step=280  global_step=4880  loss=0.9756  lr=0.0002459  wall_s=2648  traj_s_per_s=0.4  gpu_reserved_gb=50.55  eegmmidb_real_eeg_nll=1.514  real_bold_nll=1.241e+05  bold_log_scale=5.804  bold_parcels_covered=399
stage=T3_population_prior  step=300  global_step=4900  loss=0.9558  lr=0.0002355  wall_s=2838  traj_s_per_s=0.4  gpu_reserved_gb=50.55  eegmmidb_real_eeg_nll=1.496  real_bold_nll=1.714e+04  bold_log_scale=5.433  bold_parcels_covered=400
stage=T3_population_prior  step=320  global_step=4920  loss=0.9669  lr=0.0002244  wall_s=3025  traj_s_per_s=0.4  gpu_reserved_gb=50.55  eegmmidb_real_eeg_nll=1.409  real_bold_nll=9262  bold_log_scale=5.693  bold_parcels_covered=400
stage=T3_population_prior  step=340  global_step=4940  loss=1.009  lr=0.0002128  wall_s=3211  traj_s_per_s=0.4  gpu_reserved_gb=50.55  eegmmidb_real_eeg_nll=1.443  real_bold_nll=4.432e+04  bold_log_scale=5.857  bold_parcels_covered=399
stage=T3_population_prior  step=360  global_step=4960  loss=0.9317  lr=0.0002007  wall_s=3403  traj_s_per_s=0.4  gpu_reserved_gb=50.55  eegmmidb_real_eeg_nll=1.48  real_bold_nll=2.841e+04  bold_log_scale=5.457  bold_parcels_covered=400
stage=T3_population_prior  step=380  global_step=4980  loss=1.144  lr=0.0001882  wall_s=3595  traj_s_per_s=0.4  gpu_reserved_gb=50.55  eegmmidb_real_eeg_nll=1.478  real_bold_nll=2.258e+05  bold_log_scale=5.657  bold_parcels_covered=400
stage=T3_population_prior  step=400  global_step=5000  loss=0.9687  lr=0.0001754  wall_s=3783  traj_s_per_s=0.4  gpu_reserved_gb=50.55  eegmmidb_real_eeg_nll=1.349  real_bold_nll=6.546e+05  bold_log_scale=5.479  bold_parcels_covered=400
stage=T3_population_prior  step=420  global_step=5020  loss=1.06  lr=0.0001624  wall_s=3972  traj_s_per_s=0.4  gpu_reserved_gb=50.55  eegmmidb_real_eeg_nll=1.452  real_bold_nll=6.242e+05  bold_log_scale=5.621  bold_parcels_covered=400
stage=T3_population_prior  step=440  global_step=5040  loss=0.9165  lr=0.0001493  wall_s=4160  traj_s_per_s=0.4  gpu_reserved_gb=50.55  eegmmidb_real_eeg_nll=1.411  real_bold_nll=1.579e+05  bold_log_scale=5.489  bold_parcels_covered=400
stage=T3_population_prior  step=460  global_step=5060  loss=0.9983  lr=0.0001363  wall_s=4349  traj_s_per_s=0.4  gpu_reserved_gb=50.55  eegmmidb_real_eeg_nll=1.463  real_bold_nll=3.344e+04  bold_log_scale=5.383  bold_parcels_covered=400
stage=T3_population_prior  step=480  global_step=5080  loss=1.017  lr=0.0001233  wall_s=4539  traj_s_per_s=0.4  gpu_reserved_gb=50.55  eegmmidb_real_eeg_nll=1.503  real_bold_nll=1.494e+05  bold_log_scale=5.557  bold_parcels_covered=357
stage=T3_population_prior  step=500  global_step=5100  loss=1.069  lr=0.0001105  wall_s=4729  traj_s_per_s=0.4  gpu_reserved_gb=50.55  eegmmidb_real_eeg_nll=1.448  real_bold_nll=1.757e+05  bold_log_scale=5.472  bold_parcels_covered=398
stage=T3_population_prior  step=520  global_step=5120  loss=0.9817  lr=9.808e-05  wall_s=4918  traj_s_per_s=0.4  gpu_reserved_gb=50.55  eegmmidb_real_eeg_nll=1.357  real_bold_nll=1.633e+05  bold_log_scale=5.638  bold_parcels_covered=397
stage=T3_population_prior  step=540  global_step=5140  loss=1.042  lr=8.602e-05  wall_s=5112  traj_s_per_s=0.4  gpu_reserved_gb=50.55  eegmmidb_real_eeg_nll=1.455  real_bold_nll=2.286e+05  bold_log_scale=5.729  bold_parcels_covered=398
stage=T3_population_prior  step=560  global_step=5160  loss=0.9955  lr=7.443e-05  wall_s=5303  traj_s_per_s=0.4  gpu_reserved_gb=50.55  eegmmidb_real_eeg_nll=1.402  real_bold_nll=1.735e+05  bold_log_scale=5.607  bold_parcels_covered=400
stage=T3_population_prior  step=580  global_step=5180  loss=0.9301  lr=6.343e-05  wall_s=5493  traj_s_per_s=0.4  gpu_reserved_gb=50.55  eegmmidb_real_eeg_nll=1.374  real_bold_nll=7.056e+04  bold_log_scale=5.807  bold_parcels_covered=378
stage=T3_population_prior  step=600  global_step=5200  loss=0.9681  lr=5.308e-05  wall_s=5681  traj_s_per_s=0.4  gpu_reserved_gb=50.55  eegmmidb_real_eeg_nll=1.344  real_bold_nll=1.281e+05  bold_log_scale=5.558  bold_parcels_covered=400
stage=T3_population_prior  step=620  global_step=5220  loss=1.002  lr=4.347e-05  wall_s=5873  traj_s_per_s=0.4  gpu_reserved_gb=50.55  eegmmidb_real_eeg_nll=1.361  real_bold_nll=1.195e+05  bold_log_scale=5.722  bold_parcels_covered=397
stage=T3_population_prior  step=640  global_step=5240  loss=1.084  lr=3.467e-05  wall_s=6061  traj_s_per_s=0.4  gpu_reserved_gb=50.55  eegmmidb_real_eeg_nll=1.636  real_bold_nll=1.126e+05  bold_log_scale=5.504  bold_parcels_covered=384
stage=T3_population_prior  step=660  global_step=5260  loss=1.097  lr=2.675e-05  wall_s=6253  traj_s_per_s=0.4  gpu_reserved_gb=50.55  eegmmidb_real_eeg_nll=1.625  real_bold_nll=1.51e+05  bold_log_scale=5.729  bold_parcels_covered=397
stage=T3_population_prior  step=680  global_step=5280  loss=1.081  lr=1.977e-05  wall_s=6444  traj_s_per_s=0.4  gpu_reserved_gb=50.55  eegmmidb_real_eeg_nll=1.474  real_bold_nll=2.399e+05  bold_log_scale=5.588  bold_parcels_covered=400
stage=T3_population_prior  step=700  global_step=5300  loss=0.9872  lr=1.378e-05  wall_s=6634  traj_s_per_s=0.4  gpu_reserved_gb=50.55  eegmmidb_real_eeg_nll=1.51  real_bold_nll=2.487e+05  bold_log_scale=5.672  bold_parcels_covered=397
stage=T3_population_prior  step=720  global_step=5320  loss=0.9815  lr=8.825e-06  wall_s=6826  traj_s_per_s=0.4  gpu_reserved_gb=50.55  eegmmidb_real_eeg_nll=1.392  real_bold_nll=2.161e+05  bold_log_scale=5.457  bold_parcels_covered=400
stage=T3_population_prior  step=740  global_step=5340  loss=1.045  lr=4.944e-06  wall_s=7019  traj_s_per_s=0.4  gpu_reserved_gb=50.55  eegmmidb_real_eeg_nll=1.5  real_bold_nll=1.682e+05  bold_log_scale=5.814  bold_parcels_covered=357
stage=T3_population_prior  step=760  global_step=5360  loss=1.013  lr=2.168e-06  wall_s=7207  traj_s_per_s=0.4  gpu_reserved_gb=50.55  eegmmidb_real_eeg_nll=1.513  real_bold_nll=1.79e+05  bold_log_scale=5.767  bold_parcels_covered=397
stage=T3_population_prior  step=780  global_step=5380  loss=0.979  lr=5.164e-07  wall_s=7401  traj_s_per_s=0.4  gpu_reserved_gb=50.55  eegmmidb_real_eeg_nll=1.537  real_bold_nll=1.417e+05  bold_log_scale=5.727  bold_parcels_covered=399
stage=T3_population_prior  step=800  global_step=5400  loss=0.9892  lr=2.628e-09  wall_s=7595  traj_s_per_s=0.4  gpu_reserved_gb=50.55  eegmmidb_real_eeg_nll=1.486  real_bold_nll=1.611e+05  bold_log_scale=5.708  bold_parcels_covered=393
[noise-floor after:T3_population_prior] log_noise -0.4160 -> -0.4992  (variance 263.3270 -> 608.2892, realised 19.5389)

=== Stage T4_simulator: 5000 steps, lr=0.0002 ===
[curriculum] T4_simulator: tiers [1, 2, 3, 4] sources ['anatomical_prior', 'ds000117_behaviour', 'ds000117_real', 'ds002336_real', 'ds004024_perturb', 'ds004024_rest_real', 'eegmmidb_real', 'montage_calibration', 'sim_wholebrain', 'sleepedf_real'] absent_tiers [] provenance=config:extra.curriculum
stage=T4_simulator  step=1  global_step=5401  loss=1  lr=8.008e-06  wall_s=13.4  traj_s_per_s=0.3  gpu_reserved_gb=56.15  sim_forecast_nll=1.396  npe_loss=6.97  npe_rejected=0  npe_seen_max=9.25
stage=T4_simulator  step=20  global_step=5420  loss=1.033  lr=1.104e-05  wall_s=243.3  traj_s_per_s=0.3  gpu_reserved_gb=60.18  sim_forecast_nll=1.46  npe_loss=9.659  npe_rejected=0  npe_seen_max=17.24
stage=T4_simulator  step=40  global_step=5440  loss=0.9881  lr=1.997e-05  wall_s=507.7  traj_s_per_s=0.3  gpu_reserved_gb=60.22  sim_forecast_nll=1.435  npe_loss=8.615  npe_rejected=0  npe_seen_max=18.62
stage=T4_simulator  step=60  global_step=5460  loss=0.9496  lr=3.422e-05  wall_s=770.1  traj_s_per_s=0.3  gpu_reserved_gb=60.22  sim_forecast_nll=1.394  npe_loss=7.949  npe_rejected=0  npe_seen_max=18.62
stage=T4_simulator  step=80  global_step=5480  loss=0.9792  lr=5.289e-05  wall_s=1023  traj_s_per_s=0.3  gpu_reserved_gb=60.22  sim_forecast_nll=1.295  npe_loss=7.81  npe_rejected=0  npe_seen_max=18.62
stage=T4_simulator  step=100  global_step=5500  loss=0.9526  lr=7.48e-05  wall_s=1296  traj_s_per_s=0.3  gpu_reserved_gb=60.26  sim_forecast_nll=1.362  npe_loss=8.048  npe_rejected=0  npe_seen_max=18.62
stage=T4_simulator  step=120  global_step=5520  loss=0.9945  lr=9.855e-05  wall_s=1550  traj_s_per_s=0.3  gpu_reserved_gb=60.26  sim_forecast_nll=1.522  npe_loss=7.389  npe_rejected=0  npe_seen_max=18.62
stage=T4_simulator  step=140  global_step=5540  loss=1.028  lr=0.0001227  wall_s=1808  traj_s_per_s=0.3  gpu_reserved_gb=60.26  sim_forecast_nll=1.077  npe_loss=8.164  npe_rejected=0  npe_seen_max=18.62
stage=T4_simulator  step=160  global_step=5560  loss=0.9207  lr=0.0001456  wall_s=2055  traj_s_per_s=0.3  gpu_reserved_gb=60.26  sim_forecast_nll=1.213  npe_loss=6.417  npe_rejected=0  npe_seen_max=32.7
stage=T4_simulator  step=180  global_step=5580  loss=1.027  lr=0.0001659  wall_s=2314  traj_s_per_s=0.3  gpu_reserved_gb=60.26  sim_forecast_nll=1.398  npe_loss=8.538  npe_rejected=0  npe_seen_max=32.7
stage=T4_simulator  step=200  global_step=5600  loss=1.009  lr=0.0001822  wall_s=2572  traj_s_per_s=0.3  gpu_reserved_gb=60.26  sim_forecast_nll=1.113  npe_loss=7.844  npe_rejected=0  npe_seen_max=32.7
stage=T4_simulator  step=220  global_step=5620  loss=1.021  lr=0.0001936  wall_s=2833  traj_s_per_s=0.3  gpu_reserved_gb=60.26  sim_forecast_nll=1.285  npe_loss=7.28  npe_rejected=0  npe_seen_max=32.7
stage=T4_simulator  step=240  global_step=5640  loss=0.9973  lr=0.0001994  wall_s=3093  traj_s_per_s=0.3  gpu_reserved_gb=60.34  sim_forecast_nll=1.092  npe_loss=8.625  npe_rejected=0  npe_seen_max=33.67
stage=T4_simulator  step=260  global_step=5660  loss=1.057  lr=0.0002  wall_s=3348  traj_s_per_s=0.3  gpu_reserved_gb=60.34  sim_forecast_nll=1.163  npe_loss=9.259  npe_rejected=0  npe_seen_max=35.92
stage=T4_simulator  step=280  global_step=5680  loss=1.041  lr=0.0002  wall_s=3614  traj_s_per_s=0.3  gpu_reserved_gb=60.34  sim_forecast_nll=0.7464  npe_loss=7.576  npe_rejected=0  npe_seen_max=35.92
stage=T4_simulator  step=300  global_step=5700  loss=0.9784  lr=0.0001999  wall_s=3868  traj_s_per_s=0.3  gpu_reserved_gb=60.34  sim_forecast_nll=1.049  npe_loss=8.942  npe_rejected=0  npe_seen_max=35.92
stage=T4_simulator  step=320  global_step=5720  loss=0.9506  lr=0.0001999  wall_s=4121  traj_s_per_s=0.3  gpu_reserved_gb=60.34  sim_forecast_nll=1.175  npe_loss=7.52  npe_rejected=0  npe_seen_max=35.92
stage=T4_simulator  step=340  global_step=5740  loss=0.9023  lr=0.0001998  wall_s=4378  traj_s_per_s=0.3  gpu_reserved_gb=60.34  sim_forecast_nll=0.9986  npe_loss=7.905  npe_rejected=0  npe_seen_max=35.92
stage=T4_simulator  step=360  global_step=5760  loss=0.9731  lr=0.0001997  wall_s=4644  traj_s_per_s=0.3  gpu_reserved_gb=60.34  sim_forecast_nll=1.184  npe_loss=6.651  npe_rejected=0  npe_seen_max=35.92
stage=T4_simulator  step=380  global_step=5780  loss=1.025  lr=0.0001996  wall_s=4899  traj_s_per_s=0.3  gpu_reserved_gb=60.34  sim_forecast_nll=1.231  npe_loss=7.392  npe_rejected=0  npe_seen_max=35.92
stage=T4_simulator  step=400  global_step=5800  loss=0.9614  lr=0.0001995  wall_s=5163  traj_s_per_s=0.3  gpu_reserved_gb=60.34  sim_forecast_nll=1.152  npe_loss=7.925  npe_rejected=0  npe_seen_max=35.92
stage=T4_simulator  step=420  global_step=5820  loss=0.9244  lr=0.0001994  wall_s=5420  traj_s_per_s=0.3  gpu_reserved_gb=60.34  sim_forecast_nll=0.8806  npe_loss=6.969  npe_rejected=0  npe_seen_max=35.92
stage=T4_simulator  step=440  global_step=5840  loss=0.9413  lr=0.0001992  wall_s=5681  traj_s_per_s=0.3  gpu_reserved_gb=60.34  sim_forecast_nll=1.222  npe_loss=8.976  npe_rejected=0  npe_seen_max=35.92
stage=T4_simulator  step=460  global_step=5860  loss=0.951  lr=0.000199  wall_s=5940  traj_s_per_s=0.3  gpu_reserved_gb=60.34  sim_forecast_nll=1.392  npe_loss=7.821  npe_rejected=0  npe_seen_max=35.92
stage=T4_simulator  step=480  global_step=5880  loss=1.019  lr=0.0001988  wall_s=6199  traj_s_per_s=0.3  gpu_reserved_gb=60.34  sim_forecast_nll=1.001  npe_loss=8.094  npe_rejected=0  npe_seen_max=35.92
stage=T4_simulator  step=500  global_step=5900  loss=0.9813  lr=0.0001986  wall_s=6466  traj_s_per_s=0.3  gpu_reserved_gb=60.34  sim_forecast_nll=0.4151  npe_loss=7.049  npe_rejected=0  npe_seen_max=35.92
stage=T4_simulator  step=520  global_step=5920  loss=0.956  lr=0.0001984  wall_s=6734  traj_s_per_s=0.3  gpu_reserved_gb=60.34  sim_forecast_nll=0.6898  npe_loss=6.791  npe_rejected=0  npe_seen_max=35.92
stage=T4_simulator  step=540  global_step=5940  loss=0.9808  lr=0.0001982  wall_s=7007  traj_s_per_s=0.3  gpu_reserved_gb=60.34  sim_forecast_nll=1.048  npe_loss=7.656  npe_rejected=0  npe_seen_max=35.92
stage=T4_simulator  step=560  global_step=5960  loss=1.049  lr=0.0001979  wall_s=7275  traj_s_per_s=0.3  gpu_reserved_gb=60.34  sim_forecast_nll=0.7099  npe_loss=8.477  npe_rejected=0  npe_seen_max=35.92
stage=T4_simulator  step=580  global_step=5980  loss=1.022  lr=0.0001976  wall_s=7534  traj_s_per_s=0.3  gpu_reserved_gb=60.34  sim_forecast_nll=0.1158  npe_loss=7.177  npe_rejected=0  npe_seen_max=35.92
stage=T4_simulator  step=600  global_step=6000  loss=0.9802  lr=0.0001973  wall_s=7794  traj_s_per_s=0.3  gpu_reserved_gb=60.34  sim_forecast_nll=0.6474  npe_loss=6.109  npe_rejected=0  npe_seen_max=35.92
stage=T4_simulator  step=620  global_step=6020  loss=0.994  lr=0.000197  wall_s=8050  traj_s_per_s=0.3  gpu_reserved_gb=60.34  sim_forecast_nll=0.5004  npe_loss=9.239  npe_rejected=0  npe_seen_max=35.92
stage=T4_simulator  step=640  global_step=6040  loss=1.046  lr=0.0001967  wall_s=8388  traj_s_per_s=0.3  gpu_reserved_gb=60.34  sim_forecast_nll=0.5823  npe_loss=8.446  npe_rejected=0  npe_seen_max=35.92
stage=T4_simulator  step=660  global_step=6060  loss=1.2  lr=0.0001963  wall_s=8765  traj_s_per_s=0.3  gpu_reserved_gb=60.34  sim_forecast_nll=0.7479  npe_loss=8.226  npe_rejected=0  npe_seen_max=35.92
stage=T4_simulator  step=680  global_step=6080  loss=1.042  lr=0.000196  wall_s=9019  traj_s_per_s=0.3  gpu_reserved_gb=60.34  sim_forecast_nll=0.6765  npe_loss=6.876  npe_rejected=0  npe_seen_max=35.92
stage=T4_simulator  step=700  global_step=6100  loss=0.9081  lr=0.0001956  wall_s=9269  traj_s_per_s=0.3  gpu_reserved_gb=60.34  sim_forecast_nll=0.5959  npe_loss=7.473  npe_rejected=0  npe_seen_max=35.92
stage=T4_simulator  step=720  global_step=6120  loss=0.9553  lr=0.0001952  wall_s=9520  traj_s_per_s=0.3  gpu_reserved_gb=60.34  sim_forecast_nll=0.6343  npe_loss=7.499  npe_rejected=0  npe_seen_max=35.92
stage=T4_simulator  step=740  global_step=6140  loss=1.051  lr=0.0001948  wall_s=9772  traj_s_per_s=0.3  gpu_reserved_gb=60.34  sim_forecast_nll=0.94  npe_loss=9.756  npe_rejected=0  npe_seen_max=35.92
stage=T4_simulator  step=760  global_step=6160  loss=1.013  lr=0.0001943  wall_s=1.003e+04  traj_s_per_s=0.3  gpu_reserved_gb=60.34  sim_forecast_nll=0.7351  npe_loss=6.403  npe_rejected=0  npe_seen_max=35.92
stage=T4_simulator  step=780  global_step=6180  loss=0.9583  lr=0.0001939  wall_s=1.027e+04  traj_s_per_s=0.3  gpu_reserved_gb=60.34  sim_forecast_nll=0.179  npe_loss=7.063  npe_rejected=0  npe_seen_max=35.92
stage=T4_simulator  step=800  global_step=6200  loss=0.934  lr=0.0001934  wall_s=1.054e+04  traj_s_per_s=0.3  gpu_reserved_gb=60.34  sim_forecast_nll=0.2371  npe_loss=6.978  npe_rejected=0  npe_seen_max=35.92
stage=T4_simulator  step=820  global_step=6220  loss=0.9793  lr=0.000193  wall_s=1.079e+04  traj_s_per_s=0.3  gpu_reserved_gb=60.34  sim_forecast_nll=0.7378  npe_loss=7.108  npe_rejected=0  npe_seen_max=35.92
stage=T4_simulator  step=840  global_step=6240  loss=0.8837  lr=0.0001925  wall_s=1.103e+04  traj_s_per_s=0.3  gpu_reserved_gb=60.34  sim_forecast_nll=0.9597  npe_loss=6.85  npe_rejected=0  npe_seen_max=35.92
stage=T4_simulator  step=860  global_step=6260  loss=1.029  lr=0.0001919  wall_s=1.127e+04  traj_s_per_s=0.3  gpu_reserved_gb=60.34  sim_forecast_nll=0.954  npe_loss=8.754  npe_rejected=0  npe_seen_max=35.92
stage=T4_simulator  step=880  global_step=6280  loss=1.015  lr=0.0001914  wall_s=1.152e+04  traj_s_per_s=0.3  gpu_reserved_gb=60.34  sim_forecast_nll=0.9765  npe_loss=7.048  npe_rejected=0  npe_seen_max=35.92
stage=T4_simulator  step=900  global_step=6300  loss=0.9816  lr=0.0001909  wall_s=1.178e+04  traj_s_per_s=0.3  gpu_reserved_gb=60.34  sim_forecast_nll=0.6351  npe_loss=7.094  npe_rejected=0  npe_seen_max=35.92
stage=T4_simulator  step=920  global_step=6320  loss=0.9734  lr=0.0001903  wall_s=1.204e+04  traj_s_per_s=0.3  gpu_reserved_gb=60.34  sim_forecast_nll=0.6188  npe_loss=6.726  npe_rejected=0  npe_seen_max=39.18
stage=T4_simulator  step=940  global_step=6340  loss=0.9787  lr=0.0001897  wall_s=1.229e+04  traj_s_per_s=0.3  gpu_reserved_gb=60.34  sim_forecast_nll=0.516  npe_loss=6.274  npe_rejected=0  npe_seen_max=39.18
stage=T4_simulator  step=960  global_step=6360  loss=0.9506  lr=0.0001891  wall_s=1.255e+04  traj_s_per_s=0.3  gpu_reserved_gb=60.34  sim_forecast_nll=0.9601  npe_loss=6.864  npe_rejected=0  npe_seen_max=39.18
stage=T4_simulator  step=980  global_step=6380  loss=0.9904  lr=0.0001885  wall_s=1.285e+04  traj_s_per_s=0.3  gpu_reserved_gb=60.34  sim_forecast_nll=0.9771  npe_loss=7.928  npe_rejected=0  npe_seen_max=39.18
stage=T4_simulator  step=1000  global_step=6400  loss=0.9801  lr=0.0001879  wall_s=1.312e+04  traj_s_per_s=0.3  gpu_reserved_gb=60.34  sim_forecast_nll=0.7053  npe_loss=7.527  npe_rejected=0  npe_seen_max=39.18
stage=T4_simulator  step=1020  global_step=6420  loss=0.921  lr=0.0001873  wall_s=1.336e+04  traj_s_per_s=0.3  gpu_reserved_gb=60.34  sim_forecast_nll=1.157  npe_loss=7.097  npe_rejected=0  npe_seen_max=64.2
stage=T4_simulator  step=1040  global_step=6440  loss=0.9984  lr=0.0001866  wall_s=1.36e+04  traj_s_per_s=0.3  gpu_reserved_gb=60.34  sim_forecast_nll=0.6649  npe_loss=7.705  npe_rejected=0  npe_seen_max=64.2
stage=T4_simulator  step=1060  global_step=6460  loss=0.9729  lr=0.000186  wall_s=1.384e+04  traj_s_per_s=0.3  gpu_reserved_gb=60.34  sim_forecast_nll=0.662  npe_loss=7.972  npe_rejected=0  npe_seen_max=64.2
stage=T4_simulator  step=1080  global_step=6480  loss=0.9938  lr=0.0001853  wall_s=1.411e+04  traj_s_per_s=0.3  gpu_reserved_gb=60.34  sim_forecast_nll=0.5313  npe_loss=6.687  npe_rejected=0  npe_seen_max=64.2
stage=T4_simulator  step=1100  global_step=6500  loss=1.015  lr=0.0001846  wall_s=1.442e+04  traj_s_per_s=0.3  gpu_reserved_gb=60.34  sim_forecast_nll=0.3678  npe_loss=11.02  npe_rejected=0  npe_seen_max=64.2
stage=T4_simulator  step=1120  global_step=6520  loss=0.9274  lr=0.0001839  wall_s=1.469e+04  traj_s_per_s=0.3  gpu_reserved_gb=60.34  sim_forecast_nll=1.047  npe_loss=6.793  npe_rejected=0  npe_seen_max=64.2
stage=T4_simulator  step=1140  global_step=6540  loss=0.9981  lr=0.0001831  wall_s=1.498e+04  traj_s_per_s=0.3  gpu_reserved_gb=60.34  sim_forecast_nll=1.007  npe_loss=7.243  npe_rejected=0  npe_seen_max=64.2
stage=T4_simulator  step=1160  global_step=6560  loss=0.933  lr=0.0001824  wall_s=1.523e+04  traj_s_per_s=0.3  gpu_reserved_gb=60.34  sim_forecast_nll=0.9966  npe_loss=8.139  npe_rejected=0  npe_seen_max=64.2
stage=T4_simulator  step=1180  global_step=6580  loss=1.073  lr=0.0001816  wall_s=1.547e+04  traj_s_per_s=0.3  gpu_reserved_gb=60.34  sim_forecast_nll=0.962  npe_loss=6.709  npe_rejected=0  npe_seen_max=64.2
stage=T4_simulator  step=1200  global_step=6600  loss=0.9437  lr=0.0001809  wall_s=1.572e+04  traj_s_per_s=0.3  gpu_reserved_gb=60.34  sim_forecast_nll=0.7746  npe_loss=7.28  npe_rejected=0  npe_seen_max=64.2
stage=T4_simulator  step=1220  global_step=6620  loss=0.9996  lr=0.0001801  wall_s=1.597e+04  traj_s_per_s=0.3  gpu_reserved_gb=60.34  sim_forecast_nll=1.122  npe_loss=7.76  npe_rejected=0  npe_seen_max=64.2
stage=T4_simulator  step=1240  global_step=6640  loss=0.9371  lr=0.0001793  wall_s=1.623e+04  traj_s_per_s=0.3  gpu_reserved_gb=60.34  sim_forecast_nll=0.9104  npe_loss=7.235  npe_rejected=0  npe_seen_max=64.2
stage=T4_simulator  step=1260  global_step=6660  loss=1.013  lr=0.0001785  wall_s=1.648e+04  traj_s_per_s=0.3  gpu_reserved_gb=60.34  sim_forecast_nll=1.16  npe_loss=8.118  npe_rejected=0  npe_seen_max=64.2
stage=T4_simulator  step=1280  global_step=6680  loss=1.038  lr=0.0001776  wall_s=1.672e+04  traj_s_per_s=0.3  gpu_reserved_gb=60.34  sim_forecast_nll=0.7516  npe_loss=8.588  npe_rejected=0  npe_seen_max=64.2
stage=T4_simulator  step=1300  global_step=6700  loss=1.029  lr=0.0001768  wall_s=1.696e+04  traj_s_per_s=0.3  gpu_reserved_gb=60.34  sim_forecast_nll=0.5359  npe_loss=7.419  npe_rejected=0  npe_seen_max=64.2
stage=T4_simulator  step=1320  global_step=6720  loss=1.054  lr=0.0001759  wall_s=1.721e+04  traj_s_per_s=0.3  gpu_reserved_gb=60.34  sim_forecast_nll=0.9237  npe_loss=8.5  npe_rejected=0  npe_seen_max=64.2
stage=T4_simulator  step=1340  global_step=6740  loss=1.009  lr=0.0001751  wall_s=1.747e+04  traj_s_per_s=0.3  gpu_reserved_gb=60.34  sim_forecast_nll=0.983  npe_loss=7.697  npe_rejected=0  npe_seen_max=64.2
stage=T4_simulator  step=1360  global_step=6760  loss=0.9785  lr=0.0001742  wall_s=1.771e+04  traj_s_per_s=0.3  gpu_reserved_gb=60.34  sim_forecast_nll=0.8432  npe_loss=6.867  npe_rejected=0  npe_seen_max=64.2
stage=T4_simulator  step=1380  global_step=6780  loss=0.996  lr=0.0001733  wall_s=1.796e+04  traj_s_per_s=0.3  gpu_reserved_gb=60.34  sim_forecast_nll=0.5749  npe_loss=7.856  npe_rejected=0  npe_seen_max=64.2
stage=T4_simulator  step=1400  global_step=6800  loss=1.094  lr=0.0001724  wall_s=1.823e+04  traj_s_per_s=0.3  gpu_reserved_gb=60.34  sim_forecast_nll=0.05057  npe_loss=7.463  npe_rejected=0  npe_seen_max=64.2
stage=T4_simulator  step=1420  global_step=6820  loss=0.9874  lr=0.0001715  wall_s=1.848e+04  traj_s_per_s=0.3  gpu_reserved_gb=60.34  sim_forecast_nll=0.4213  npe_loss=6.965  npe_rejected=0  npe_seen_max=64.2
stage=T4_simulator  step=1440  global_step=6840  loss=1.013  lr=0.0001705  wall_s=1.871e+04  traj_s_per_s=0.3  gpu_reserved_gb=60.34  sim_forecast_nll=0.3425  npe_loss=8.13  npe_rejected=0  npe_seen_max=64.2
stage=T4_simulator  step=1460  global_step=6860  loss=1.08  lr=0.0001696  wall_s=1.894e+04  traj_s_per_s=0.3  gpu_reserved_gb=60.34  sim_forecast_nll=0.5781  npe_loss=6.725  npe_rejected=0  npe_seen_max=64.2
stage=T4_simulator  step=1480  global_step=6880  loss=0.9729  lr=0.0001686  wall_s=1.917e+04  traj_s_per_s=0.3  gpu_reserved_gb=60.34  sim_forecast_nll=0.8677  npe_loss=6.913  npe_rejected=0  npe_seen_max=64.2
stage=T4_simulator  step=1500  global_step=6900  loss=1.024  lr=0.0001677  wall_s=1.94e+04  traj_s_per_s=0.3  gpu_reserved_gb=60.34  sim_forecast_nll=0.999  npe_loss=8.724  npe_rejected=0  npe_seen_max=64.2
stage=T4_simulator  step=1520  global_step=6920  loss=0.9919  lr=0.0001667  wall_s=1.968e+04  traj_s_per_s=0.3  gpu_reserved_gb=60.34  sim_forecast_nll=1.149  npe_loss=7.546  npe_rejected=0  npe_seen_max=64.2
stage=T4_simulator  step=1540  global_step=6940  loss=0.9869  lr=0.0001657  wall_s=1.992e+04  traj_s_per_s=0.3  gpu_reserved_gb=60.34  sim_forecast_nll=0.6895  npe_loss=7.05  npe_rejected=0  npe_seen_max=64.2
stage=T4_simulator  step=1560  global_step=6960  loss=0.9174  lr=0.0001647  wall_s=2.016e+04  traj_s_per_s=0.3  gpu_reserved_gb=60.34  sim_forecast_nll=-0.09035  npe_loss=5.713  npe_rejected=0  npe_seen_max=64.2
stage=T4_simulator  step=1580  global_step=6980  loss=1.039  lr=0.0001637  wall_s=2.042e+04  traj_s_per_s=0.3  gpu_reserved_gb=60.34  sim_forecast_nll=-0.08571  npe_loss=6.56  npe_rejected=0  npe_seen_max=64.2
stage=T4_simulator  step=1600  global_step=7000  loss=1.022  lr=0.0001627  wall_s=2.068e+04  traj_s_per_s=0.3  gpu_reserved_gb=60.34  sim_forecast_nll=0.7002  npe_loss=7.59  npe_rejected=0  npe_seen_max=64.2
stage=T4_simulator  step=1620  global_step=7020  loss=1.011  lr=0.0001616  wall_s=2.095e+04  traj_s_per_s=0.3  gpu_reserved_gb=60.34  sim_forecast_nll=1.047  npe_loss=7.52  npe_rejected=0  npe_seen_max=64.2
stage=T4_simulator  step=1640  global_step=7040  loss=0.9561  lr=0.0001606  wall_s=2.122e+04  traj_s_per_s=0.3  gpu_reserved_gb=60.34  sim_forecast_nll=0.6818  npe_loss=7.651  npe_rejected=0  npe_seen_max=64.2
stage=T4_simulator  step=1660  global_step=7060  loss=0.9821  lr=0.0001595  wall_s=2.146e+04  traj_s_per_s=0.3  gpu_reserved_gb=60.34  sim_forecast_nll=0.4542  npe_loss=6.21  npe_rejected=0  npe_seen_max=64.2
stage=T4_simulator  step=1680  global_step=7080  loss=0.9504  lr=0.0001585  wall_s=2.169e+04  traj_s_per_s=0.3  gpu_reserved_gb=60.34  sim_forecast_nll=0.8663  npe_loss=7.181  npe_rejected=0  npe_seen_max=64.2
stage=T4_simulator  step=1700  global_step=7100  loss=1.022  lr=0.0001574  wall_s=2.197e+04  traj_s_per_s=0.3  gpu_reserved_gb=60.34  sim_forecast_nll=0.7916  npe_loss=6.758  npe_rejected=0  npe_seen_max=64.2
stage=T4_simulator  step=1720  global_step=7120  loss=0.9874  lr=0.0001563  wall_s=2.224e+04  traj_s_per_s=0.3  gpu_reserved_gb=60.34  sim_forecast_nll=1.102  npe_loss=6.237  npe_rejected=0  npe_seen_max=64.2
stage=T4_simulator  step=1740  global_step=7140  loss=0.953  lr=0.0001552  wall_s=2.248e+04  traj_s_per_s=0.3  gpu_reserved_gb=60.34  sim_forecast_nll=0.3085  npe_loss=7.388  npe_rejected=0  npe_seen_max=64.2
stage=T4_simulator  step=1760  global_step=7160  loss=1.017  lr=0.0001541  wall_s=2.272e+04  traj_s_per_s=0.3  gpu_reserved_gb=60.34  sim_forecast_nll=1.094  npe_loss=10.41  npe_rejected=0  npe_seen_max=64.2
stage=T4_simulator  step=1780  global_step=7180  loss=0.9457  lr=0.000153  wall_s=2.298e+04  traj_s_per_s=0.3  gpu_reserved_gb=60.34  sim_forecast_nll=0.2419  npe_loss=7.887  npe_rejected=0  npe_seen_max=64.2
stage=T4_simulator  step=1800  global_step=7200  loss=0.9077  lr=0.0001518  wall_s=2.322e+04  traj_s_per_s=0.3  gpu_reserved_gb=60.34  sim_forecast_nll=1.29  npe_loss=6.217  npe_rejected=0  npe_seen_max=64.2
stage=T4_simulator  step=1820  global_step=7220  loss=1.019  lr=0.0001507  wall_s=2.35e+04  traj_s_per_s=0.3  gpu_reserved_gb=60.34  sim_forecast_nll=1.299  npe_loss=7.862  npe_rejected=0  npe_seen_max=64.2
stage=T4_simulator  step=1840  global_step=7240  loss=0.9973  lr=0.0001496  wall_s=2.375e+04  traj_s_per_s=0.3  gpu_reserved_gb=60.34  sim_forecast_nll=0.3745  npe_loss=7.965  npe_rejected=0  npe_seen_max=64.2
stage=T4_simulator  step=1860  global_step=7260  loss=0.9713  lr=0.0001484  wall_s=2.399e+04  traj_s_per_s=0.3  gpu_reserved_gb=60.34  sim_forecast_nll=1.611  npe_loss=7.256  npe_rejected=0  npe_seen_max=64.2
stage=T4_simulator  step=1880  global_step=7280  loss=0.9412  lr=0.0001472  wall_s=2.423e+04  traj_s_per_s=0.3  gpu_reserved_gb=60.34  sim_forecast_nll=0.7032  npe_loss=6.402  npe_rejected=0  npe_seen_max=64.2
stage=T4_simulator  step=1900  global_step=7300  loss=1.059  lr=0.0001461  wall_s=2.446e+04  traj_s_per_s=0.3  gpu_reserved_gb=60.34  sim_forecast_nll=1.013  npe_loss=10.03  npe_rejected=0  npe_seen_max=64.2
stage=T4_simulator  step=1920  global_step=7320  loss=1.046  lr=0.0001449  wall_s=2.469e+04  traj_s_per_s=0.3  gpu_reserved_gb=60.34  sim_forecast_nll=0.975  npe_loss=6.694  npe_rejected=0  npe_seen_max=64.2
stage=T4_simulator  step=1940  global_step=7340  loss=1.052  lr=0.0001437  wall_s=2.505e+04  traj_s_per_s=0.3  gpu_reserved_gb=60.34  sim_forecast_nll=0.3047  npe_loss=6.465  npe_rejected=0  npe_seen_max=64.2
stage=T4_simulator  step=1960  global_step=7360  loss=0.9923  lr=0.0001425  wall_s=2.54e+04  traj_s_per_s=0.3  gpu_reserved_gb=60.34  sim_forecast_nll=0.3336  npe_loss=7.725  npe_rejected=0  npe_seen_max=64.2
stage=T4_simulator  step=1980  global_step=7380  loss=1.057  lr=0.0001413  wall_s=2.566e+04  traj_s_per_s=0.3  gpu_reserved_gb=60.34  sim_forecast_nll=0.6759  npe_loss=6.899  npe_rejected=0  npe_seen_max=64.2
stage=T4_simulator  step=2000  global_step=7400  loss=1.015  lr=0.0001401  wall_s=2.591e+04  traj_s_per_s=0.3  gpu_reserved_gb=60.34  sim_forecast_nll=0.1533  npe_loss=8.229  npe_rejected=0  npe_seen_max=64.2
stage=T4_simulator  step=2020  global_step=7420  loss=0.9715  lr=0.0001389  wall_s=2.615e+04  traj_s_per_s=0.3  gpu_reserved_gb=60.34  sim_forecast_nll=0.6566  npe_loss=6.685  npe_rejected=0  npe_seen_max=64.2
stage=T4_simulator  step=2040  global_step=7440  loss=0.9857  lr=0.0001377  wall_s=2.639e+04  traj_s_per_s=0.3  gpu_reserved_gb=60.34  sim_forecast_nll=0.5568  npe_loss=7.552  npe_rejected=0  npe_seen_max=64.2
stage=T4_simulator  step=2060  global_step=7460  loss=1.066  lr=0.0001364  wall_s=2.664e+04  traj_s_per_s=0.3  gpu_reserved_gb=60.34  sim_forecast_nll=0.9459  npe_loss=7.286  npe_rejected=0  npe_seen_max=64.2
stage=T4_simulator  step=2080  global_step=7480  loss=1.016  lr=0.0001352  wall_s=2.697e+04  traj_s_per_s=0.3  gpu_reserved_gb=60.34  sim_forecast_nll=1.083  npe_loss=7.316  npe_rejected=0  npe_seen_max=64.2
stage=T4_simulator  step=2100  global_step=7500  loss=0.9568  lr=0.000134  wall_s=2.747e+04  traj_s_per_s=0.3  gpu_reserved_gb=60.34  sim_forecast_nll=0.8803  npe_loss=6.775  npe_rejected=0  npe_seen_max=64.2
stage=T4_simulator  step=2120  global_step=7520  loss=0.9622  lr=0.0001327  wall_s=2.784e+04  traj_s_per_s=0.3  gpu_reserved_gb=60.34  sim_forecast_nll=0.8034  npe_loss=6.273  npe_rejected=0  npe_seen_max=64.2
stage=T4_simulator  step=2140  global_step=7540  loss=0.9945  lr=0.0001315  wall_s=2.813e+04  traj_s_per_s=0.3  gpu_reserved_gb=60.34  sim_forecast_nll=0.98  npe_loss=6.457  npe_rejected=0  npe_seen_max=64.2
stage=T4_simulator  step=2160  global_step=7560  loss=1.013  lr=0.0001302  wall_s=2.841e+04  traj_s_per_s=0.3  gpu_reserved_gb=60.34  sim_forecast_nll=0.8934  npe_loss=6.876  npe_rejected=0  npe_seen_max=64.2
stage=T4_simulator  step=2180  global_step=7580  loss=0.9796  lr=0.0001289  wall_s=2.866e+04  traj_s_per_s=0.3  gpu_reserved_gb=60.34  sim_forecast_nll=0.6003  npe_loss=7.127  npe_rejected=0  npe_seen_max=64.2
stage=T4_simulator  step=2200  global_step=7600  loss=0.9894  lr=0.0001277  wall_s=2.897e+04  traj_s_per_s=0.3  gpu_reserved_gb=60.34  sim_forecast_nll=0.3264  npe_loss=6.476  npe_rejected=0  npe_seen_max=64.2
stage=T4_simulator  step=2220  global_step=7620  loss=1.067  lr=0.0001264  wall_s=2.926e+04  traj_s_per_s=0.3  gpu_reserved_gb=60.34  sim_forecast_nll=0.6006  npe_loss=7.284  npe_rejected=0  npe_seen_max=64.2
stage=T4_simulator  step=2240  global_step=7640  loss=0.9837  lr=0.0001251  wall_s=2.958e+04  traj_s_per_s=0.3  gpu_reserved_gb=60.34  sim_forecast_nll=0.4982  npe_loss=5.642  npe_rejected=0  npe_seen_max=64.2
stage=T4_simulator  step=2260  global_step=7660  loss=0.9303  lr=0.0001238  wall_s=2.983e+04  traj_s_per_s=0.3  gpu_reserved_gb=60.34  sim_forecast_nll=1.024  npe_loss=6.576  npe_rejected=0  npe_seen_max=64.2
stage=T4_simulator  step=2280  global_step=7680  loss=0.9731  lr=0.0001226  wall_s=3.008e+04  traj_s_per_s=0.3  gpu_reserved_gb=60.34  sim_forecast_nll=-0.06167  npe_loss=8.086  npe_rejected=0  npe_seen_max=64.2
stage=T4_simulator  step=2300  global_step=7700  loss=1.012  lr=0.0001213  wall_s=3.032e+04  traj_s_per_s=0.3  gpu_reserved_gb=60.34  sim_forecast_nll=0.9497  npe_loss=7.235  npe_rejected=0  npe_seen_max=64.2
stage=T4_simulator  step=2320  global_step=7720  loss=1.003  lr=0.00012  wall_s=3.057e+04  traj_s_per_s=0.3  gpu_reserved_gb=60.34  sim_forecast_nll=0.2692  npe_loss=5.745  npe_rejected=0  npe_seen_max=64.2
stage=T4_simulator  step=2340  global_step=7740  loss=1.019  lr=0.0001187  wall_s=3.081e+04  traj_s_per_s=0.3  gpu_reserved_gb=60.34  sim_forecast_nll=0.731  npe_loss=7.646  npe_rejected=0  npe_seen_max=64.2
stage=T4_simulator  step=2360  global_step=7760  loss=1.037  lr=0.0001174  wall_s=3.107e+04  traj_s_per_s=0.3  gpu_reserved_gb=60.34  sim_forecast_nll=0.9947  npe_loss=9.214  npe_rejected=0  npe_seen_max=64.2
stage=T4_simulator  step=2380  global_step=7780  loss=0.9571  lr=0.0001161  wall_s=3.131e+04  traj_s_per_s=0.3  gpu_reserved_gb=60.34  sim_forecast_nll=0.9997  npe_loss=6.285  npe_rejected=0  npe_seen_max=64.2
stage=T4_simulator  step=2400  global_step=7800  loss=1.015  lr=0.0001148  wall_s=3.154e+04  traj_s_per_s=0.3  gpu_reserved_gb=60.34  sim_forecast_nll=0.6359  npe_loss=8.424  npe_rejected=0  npe_seen_max=64.2
stage=T4_simulator  step=2420  global_step=7820  loss=0.9864  lr=0.0001135  wall_s=3.178e+04  traj_s_per_s=0.3  gpu_reserved_gb=60.34  sim_forecast_nll=0.3138  npe_loss=7.632  npe_rejected=0  npe_seen_max=64.2
stage=T4_simulator  step=2440  global_step=7840  loss=1.079  lr=0.0001121  wall_s=3.202e+04  traj_s_per_s=0.3  gpu_reserved_gb=60.34  sim_forecast_nll=0.8356  npe_loss=7.027  npe_rejected=0  npe_seen_max=64.2
stage=T4_simulator  step=2460  global_step=7860  loss=0.9942  lr=0.0001108  wall_s=3.226e+04  traj_s_per_s=0.3  gpu_reserved_gb=60.34  sim_forecast_nll=0.7371  npe_loss=6.836  npe_rejected=0  npe_seen_max=64.2
stage=T4_simulator  step=2480  global_step=7880  loss=1.038  lr=0.0001095  wall_s=3.25e+04  traj_s_per_s=0.3  gpu_reserved_gb=60.34  sim_forecast_nll=0.2766  npe_loss=7.004  npe_rejected=0  npe_seen_max=64.2
stage=T4_simulator  step=2500  global_step=7900  loss=0.9634  lr=0.0001082  wall_s=3.275e+04  traj_s_per_s=0.3  gpu_reserved_gb=60.34  sim_forecast_nll=0.7377  npe_loss=8.107  npe_rejected=0  npe_seen_max=64.2
stage=T4_simulator  step=2520  global_step=7920  loss=0.9658  lr=0.0001069  wall_s=3.299e+04  traj_s_per_s=0.3  gpu_reserved_gb=60.34  sim_forecast_nll=0.4753  npe_loss=6.163  npe_rejected=0  npe_seen_max=64.2
stage=T4_simulator  step=2540  global_step=7940  loss=0.9366  lr=0.0001056  wall_s=3.324e+04  traj_s_per_s=0.3  gpu_reserved_gb=60.34  sim_forecast_nll=0.1534  npe_loss=6.245  npe_rejected=0  npe_seen_max=77.23
stage=T4_simulator  step=2560  global_step=7960  loss=1.036  lr=0.0001042  wall_s=3.348e+04  traj_s_per_s=0.3  gpu_reserved_gb=60.34  sim_forecast_nll=0.7286  npe_loss=6.167  npe_rejected=0  npe_seen_max=77.23
stage=T4_simulator  step=2580  global_step=7980  loss=0.9668  lr=0.0001029  wall_s=3.377e+04  traj_s_per_s=0.3  gpu_reserved_gb=60.34  sim_forecast_nll=1.483  npe_loss=6.562  npe_rejected=0  npe_seen_max=77.23
stage=T4_simulator  step=2600  global_step=8000  loss=0.9368  lr=0.0001016  wall_s=3.409e+04  traj_s_per_s=0.3  gpu_reserved_gb=60.34  sim_forecast_nll=0.9022  npe_loss=6.045  npe_rejected=0  npe_seen_max=77.23
stage=T4_simulator  step=2620  global_step=8020  loss=1.047  lr=0.0001003  wall_s=3.438e+04  traj_s_per_s=0.3  gpu_reserved_gb=60.34  sim_forecast_nll=1.186  npe_loss=8.909  npe_rejected=0  npe_seen_max=77.23
stage=T4_simulator  step=2640  global_step=8040  loss=1.078  lr=9.894e-05  wall_s=3.466e+04  traj_s_per_s=0.3  gpu_reserved_gb=60.34  sim_forecast_nll=1.059  npe_loss=8.39  npe_rejected=0  npe_seen_max=77.23
stage=T4_simulator  step=2660  global_step=8060  loss=0.9205  lr=9.762e-05  wall_s=3.495e+04  traj_s_per_s=0.3  gpu_reserved_gb=60.34  sim_forecast_nll=0.4823  npe_loss=8.246  npe_rejected=0  npe_seen_max=77.23
stage=T4_simulator  step=2680  global_step=8080  loss=1.072  lr=9.63e-05  wall_s=3.52e+04  traj_s_per_s=0.3  gpu_reserved_gb=60.34  sim_forecast_nll=0.4024  npe_loss=6.903  npe_rejected=0  npe_seen_max=77.23
stage=T4_simulator  step=2700  global_step=8100  loss=0.9618  lr=9.498e-05  wall_s=3.549e+04  traj_s_per_s=0.3  gpu_reserved_gb=60.34  sim_forecast_nll=0.383  npe_loss=7.228  npe_rejected=0  npe_seen_max=77.23
stage=T4_simulator  step=2720  global_step=8120  loss=0.928  lr=9.366e-05  wall_s=3.579e+04  traj_s_per_s=0.3  gpu_reserved_gb=60.34  sim_forecast_nll=0.5829  npe_loss=8.146  npe_rejected=0  npe_seen_max=77.23
stage=T4_simulator  step=2740  global_step=8140  loss=1.046  lr=9.234e-05  wall_s=3.607e+04  traj_s_per_s=0.3  gpu_reserved_gb=60.34  sim_forecast_nll=0.6409  npe_loss=5.866  npe_rejected=0  npe_seen_max=77.23
stage=T4_simulator  step=2760  global_step=8160  loss=0.9861  lr=9.102e-05  wall_s=3.631e+04  traj_s_per_s=0.3  gpu_reserved_gb=60.34  sim_forecast_nll=-0.01575  npe_loss=7.843  npe_rejected=0  npe_seen_max=77.23
stage=T4_simulator  step=2780  global_step=8180  loss=0.9887  lr=8.97e-05  wall_s=3.655e+04  traj_s_per_s=0.3  gpu_reserved_gb=60.34  sim_forecast_nll=-0.08151  npe_loss=7.588  npe_rejected=0  npe_seen_max=77.23
stage=T4_simulator  step=2800  global_step=8200  loss=1.136  lr=8.839e-05  wall_s=3.679e+04  traj_s_per_s=0.3  gpu_reserved_gb=60.34  sim_forecast_nll=0.6646  npe_loss=7.375  npe_rejected=0  npe_seen_max=77.23
stage=T4_simulator  step=2820  global_step=8220  loss=0.987  lr=8.707e-05  wall_s=3.703e+04  traj_s_per_s=0.3  gpu_reserved_gb=60.34  sim_forecast_nll=1.205  npe_loss=5.938  npe_rejected=0  npe_seen_max=77.23
stage=T4_simulator  step=2840  global_step=8240  loss=1.051  lr=8.576e-05  wall_s=3.731e+04  traj_s_per_s=0.3  gpu_reserved_gb=60.34  sim_forecast_nll=0.5966  npe_loss=7.886  npe_rejected=0  npe_seen_max=77.23
stage=T4_simulator  step=2860  global_step=8260  loss=1.05  lr=8.446e-05  wall_s=3.755e+04  traj_s_per_s=0.3  gpu_reserved_gb=60.34  sim_forecast_nll=0.7215  npe_loss=6.133  npe_rejected=0  npe_seen_max=77.23
stage=T4_simulator  step=2880  global_step=8280  loss=0.9416  lr=8.315e-05  wall_s=3.783e+04  traj_s_per_s=0.3  gpu_reserved_gb=60.34  sim_forecast_nll=0.08145  npe_loss=7.437  npe_rejected=0  npe_seen_max=77.23
stage=T4_simulator  step=2900  global_step=8300  loss=1.035  lr=8.185e-05  wall_s=3.808e+04  traj_s_per_s=0.3  gpu_reserved_gb=60.34  sim_forecast_nll=0.4757  npe_loss=7.98  npe_rejected=0  npe_seen_max=77.23
stage=T4_simulator  step=2920  global_step=8320  loss=1.012  lr=8.055e-05  wall_s=3.837e+04  traj_s_per_s=0.3  gpu_reserved_gb=60.34  sim_forecast_nll=0.7912  npe_loss=8.015  npe_rejected=0  npe_seen_max=77.23
stage=T4_simulator  step=2940  global_step=8340  loss=1.064  lr=7.925e-05  wall_s=3.862e+04  traj_s_per_s=0.3  gpu_reserved_gb=60.34  sim_forecast_nll=0.339  npe_loss=8.417  npe_rejected=0  npe_seen_max=77.23
stage=T4_simulator  step=2960  global_step=8360  loss=1.036  lr=7.796e-05  wall_s=3.887e+04  traj_s_per_s=0.3  gpu_reserved_gb=60.34  sim_forecast_nll=1.144  npe_loss=7.409  npe_rejected=0  npe_seen_max=77.23
stage=T4_simulator  step=2980  global_step=8380  loss=1.03  lr=7.667e-05  wall_s=3.912e+04  traj_s_per_s=0.3  gpu_reserved_gb=60.34  sim_forecast_nll=0.6462  npe_loss=7.666  npe_rejected=0  npe_seen_max=77.23
stage=T4_simulator  step=3000  global_step=8400  loss=0.9821  lr=7.539e-05  wall_s=3.936e+04  traj_s_per_s=0.3  gpu_reserved_gb=60.34  sim_forecast_nll=0.964  npe_loss=7.889  npe_rejected=0  npe_seen_max=77.23
stage=T4_simulator  step=3020  global_step=8420  loss=0.9621  lr=7.411e-05  wall_s=3.96e+04  traj_s_per_s=0.3  gpu_reserved_gb=60.34  sim_forecast_nll=0.7308  npe_loss=6.576  npe_rejected=0  npe_seen_max=77.23
stage=T4_simulator  step=3040  global_step=8440  loss=1.078  lr=7.283e-05  wall_s=3.984e+04  traj_s_per_s=0.3  gpu_reserved_gb=60.34  sim_forecast_nll=0.8843  npe_loss=7.283  npe_rejected=0  npe_seen_max=77.23
stage=T4_simulator  step=3060  global_step=8460  loss=1  lr=7.156e-05  wall_s=4.009e+04  traj_s_per_s=0.3  gpu_reserved_gb=60.34  sim_forecast_nll=0.7488  npe_loss=5.066  npe_rejected=0  npe_seen_max=77.23
stage=T4_simulator  step=3080  global_step=8480  loss=0.911  lr=7.03e-05  wall_s=4.032e+04  traj_s_per_s=0.3  gpu_reserved_gb=60.34  sim_forecast_nll=0.5056  npe_loss=6.096  npe_rejected=0  npe_seen_max=77.23
stage=T4_simulator  step=3100  global_step=8500  loss=1.099  lr=6.904e-05  wall_s=4.056e+04  traj_s_per_s=0.3  gpu_reserved_gb=60.34  sim_forecast_nll=0.6191  npe_loss=7.076  npe_rejected=0  npe_seen_max=77.23
stage=T4_simulator  step=3120  global_step=8520  loss=0.9174  lr=6.778e-05  wall_s=4.096e+04  traj_s_per_s=0.3  gpu_reserved_gb=60.34  sim_forecast_nll=0.8638  npe_loss=8.029  npe_rejected=0  npe_seen_max=77.23
stage=T4_simulator  step=3140  global_step=8540  loss=0.9896  lr=6.653e-05  wall_s=4.136e+04  traj_s_per_s=0.3  gpu_reserved_gb=60.34  sim_forecast_nll=0.7285  npe_loss=6.83  npe_rejected=0  npe_seen_max=77.23
stage=T4_simulator  step=3160  global_step=8560  loss=0.9875  lr=6.529e-05  wall_s=4.172e+04  traj_s_per_s=0.3  gpu_reserved_gb=60.34  sim_forecast_nll=0.7909  npe_loss=6.086  npe_rejected=0  npe_seen_max=77.23
stage=T4_simulator  step=3180  global_step=8580  loss=1.043  lr=6.405e-05  wall_s=4.227e+04  traj_s_per_s=0.3  gpu_reserved_gb=60.34  sim_forecast_nll=0.6959  npe_loss=5.97  npe_rejected=0  npe_seen_max=77.23
stage=T4_simulator  step=3200  global_step=8600  loss=1.015  lr=6.282e-05  wall_s=4.253e+04  traj_s_per_s=0.3  gpu_reserved_gb=60.34  sim_forecast_nll=0.7108  npe_loss=7.11  npe_rejected=0  npe_seen_max=77.23
stage=T4_simulator  step=3220  global_step=8620  loss=0.9575  lr=6.159e-05  wall_s=4.295e+04  traj_s_per_s=0.3  gpu_reserved_gb=60.34  sim_forecast_nll=0.4454  npe_loss=6.08  npe_rejected=0  npe_seen_max=77.23
stage=T4_simulator  step=3240  global_step=8640  loss=0.985  lr=6.038e-05  wall_s=4.323e+04  traj_s_per_s=0.3  gpu_reserved_gb=60.34  sim_forecast_nll=1.027  npe_loss=7.186  npe_rejected=0  npe_seen_max=77.23
stage=T4_simulator  step=3260  global_step=8660  loss=0.9818  lr=5.917e-05  wall_s=4.347e+04  traj_s_per_s=0.3  gpu_reserved_gb=60.34  sim_forecast_nll=0.3338  npe_loss=5.755  npe_rejected=0  npe_seen_max=77.23
stage=T4_simulator  step=3280  global_step=8680  loss=0.9873  lr=5.796e-05  wall_s=4.372e+04  traj_s_per_s=0.3  gpu_reserved_gb=60.34  sim_forecast_nll=0.9726  npe_loss=7.133  npe_rejected=0  npe_seen_max=77.23
stage=T4_simulator  step=3300  global_step=8700  loss=0.9704  lr=5.677e-05  wall_s=4.398e+04  traj_s_per_s=0.3  gpu_reserved_gb=60.34  sim_forecast_nll=-0.2433  npe_loss=7.891  npe_rejected=0  npe_seen_max=77.23
stage=T4_simulator  step=3320  global_step=8720  loss=1.017  lr=5.558e-05  wall_s=4.436e+04  traj_s_per_s=0.3  gpu_reserved_gb=60.34  sim_forecast_nll=1.233  npe_loss=6.789  npe_rejected=0  npe_seen_max=77.23
stage=T4_simulator  step=3340  global_step=8740  loss=1.11  lr=5.44e-05  wall_s=4.467e+04  traj_s_per_s=0.3  gpu_reserved_gb=60.34  sim_forecast_nll=0.6945  npe_loss=6.423  npe_rejected=0  npe_seen_max=77.23
stage=T4_simulator  step=3360  global_step=8760  loss=0.9838  lr=5.322e-05  wall_s=4.491e+04  traj_s_per_s=0.3  gpu_reserved_gb=60.34  sim_forecast_nll=1.306  npe_loss=6.295  npe_rejected=0  npe_seen_max=77.23
stage=T4_simulator  step=3380  global_step=8780  loss=1.074  lr=5.206e-05  wall_s=4.515e+04  traj_s_per_s=0.3  gpu_reserved_gb=60.34  sim_forecast_nll=1.161  npe_loss=7.831  npe_rejected=0  npe_seen_max=77.23
stage=T4_simulator  step=3400  global_step=8800  loss=1.013  lr=5.09e-05  wall_s=4.539e+04  traj_s_per_s=0.3  gpu_reserved_gb=60.34  sim_forecast_nll=0.5855  npe_loss=5.956  npe_rejected=0  npe_seen_max=77.23
stage=T4_simulator  step=3420  global_step=8820  loss=0.9633  lr=4.975e-05  wall_s=4.572e+04  traj_s_per_s=0.3  gpu_reserved_gb=60.34  sim_forecast_nll=0.4793  npe_loss=6.147  npe_rejected=0  npe_seen_max=77.23
stage=T4_simulator  step=3440  global_step=8840  loss=1.034  lr=4.861e-05  wall_s=4.596e+04  traj_s_per_s=0.3  gpu_reserved_gb=60.34  sim_forecast_nll=0.8633  npe_loss=7.245  npe_rejected=0  npe_seen_max=77.23
stage=T4_simulator  step=3460  global_step=8860  loss=0.9514  lr=4.748e-05  wall_s=4.624e+04  traj_s_per_s=0.3  gpu_reserved_gb=60.34  sim_forecast_nll=0.721  npe_loss=5.676  npe_rejected=0  npe_seen_max=77.23
stage=T4_simulator  step=3480  global_step=8880  loss=0.9627  lr=4.636e-05  wall_s=4.652e+04  traj_s_per_s=0.3  gpu_reserved_gb=60.34  sim_forecast_nll=0.5811  npe_loss=7.684  npe_rejected=0  npe_seen_max=77.23
stage=T4_simulator  step=3500  global_step=8900  loss=1.044  lr=4.525e-05  wall_s=4.675e+04  traj_s_per_s=0.3  gpu_reserved_gb=60.34  sim_forecast_nll=0.4702  npe_loss=6.421  npe_rejected=0  npe_seen_max=77.23
stage=T4_simulator  step=3520  global_step=8920  loss=1.007  lr=4.415e-05  wall_s=4.709e+04  traj_s_per_s=0.3  gpu_reserved_gb=60.34  sim_forecast_nll=0.7934  npe_loss=6.119  npe_rejected=0  npe_seen_max=77.23
stage=T4_simulator  step=3540  global_step=8940  loss=0.9625  lr=4.306e-05  wall_s=4.733e+04  traj_s_per_s=0.3  gpu_reserved_gb=60.34  sim_forecast_nll=0.4833  npe_loss=7.101  npe_rejected=0  npe_seen_max=77.23
stage=T4_simulator  step=3560  global_step=8960  loss=0.9554  lr=4.197e-05  wall_s=4.757e+04  traj_s_per_s=0.3  gpu_reserved_gb=60.34  sim_forecast_nll=0.637  npe_loss=6.436  npe_rejected=0  npe_seen_max=77.23
stage=T4_simulator  step=3580  global_step=8980  loss=1.03  lr=4.09e-05  wall_s=4.781e+04  traj_s_per_s=0.3  gpu_reserved_gb=60.34  sim_forecast_nll=0.7635  npe_loss=6.637  npe_rejected=0  npe_seen_max=77.23
stage=T4_simulator  step=3600  global_step=9000  loss=0.9566  lr=3.984e-05  wall_s=4.809e+04  traj_s_per_s=0.3  gpu_reserved_gb=60.34  sim_forecast_nll=0.8565  npe_loss=6.016  npe_rejected=0  npe_seen_max=77.23
stage=T4_simulator  step=3620  global_step=9020  loss=1.01  lr=3.879e-05  wall_s=4.832e+04  traj_s_per_s=0.3  gpu_reserved_gb=60.34  sim_forecast_nll=0.4773  npe_loss=6.924  npe_rejected=0  npe_seen_max=77.23
stage=T4_simulator  step=3640  global_step=9040  loss=0.9562  lr=3.775e-05  wall_s=4.858e+04  traj_s_per_s=0.3  gpu_reserved_gb=60.34  sim_forecast_nll=0.8123  npe_loss=7.147  npe_rejected=0  npe_seen_max=77.23
stage=T4_simulator  step=3660  global_step=9060  loss=0.9471  lr=3.672e-05  wall_s=4.884e+04  traj_s_per_s=0.3  gpu_reserved_gb=60.34  sim_forecast_nll=0.5803  npe_loss=5.98  npe_rejected=0  npe_seen_max=77.23
stage=T4_simulator  step=3680  global_step=9080  loss=0.9995  lr=3.57e-05  wall_s=4.916e+04  traj_s_per_s=0.3  gpu_reserved_gb=60.34  sim_forecast_nll=0.8765  npe_loss=7.609  npe_rejected=0  npe_seen_max=77.23
stage=T4_simulator  step=3700  global_step=9100  loss=0.9455  lr=3.469e-05  wall_s=4.947e+04  traj_s_per_s=0.3  gpu_reserved_gb=60.34  sim_forecast_nll=1.185  npe_loss=6.428  npe_rejected=0  npe_seen_max=77.23
stage=T4_simulator  step=3720  global_step=9120  loss=0.9964  lr=3.37e-05  wall_s=4.983e+04  traj_s_per_s=0.3  gpu_reserved_gb=60.34  sim_forecast_nll=0.9678  npe_loss=6.422  npe_rejected=0  npe_seen_max=77.23
stage=T4_simulator  step=3740  global_step=9140  loss=0.9102  lr=3.271e-05  wall_s=5.013e+04  traj_s_per_s=0.3  gpu_reserved_gb=60.34  sim_forecast_nll=0.5692  npe_loss=5.989  npe_rejected=0  npe_seen_max=77.23
stage=T4_simulator  step=3760  global_step=9160  loss=0.9419  lr=3.174e-05  wall_s=5.037e+04  traj_s_per_s=0.3  gpu_reserved_gb=60.34  sim_forecast_nll=0.5459  npe_loss=5.679  npe_rejected=0  npe_seen_max=77.23
stage=T4_simulator  step=3780  global_step=9180  loss=1.094  lr=3.078e-05  wall_s=5.061e+04  traj_s_per_s=0.3  gpu_reserved_gb=60.34  sim_forecast_nll=1.114  npe_loss=7.255  npe_rejected=0  npe_seen_max=77.23
stage=T4_simulator  step=3800  global_step=9200  loss=0.9934  lr=2.983e-05  wall_s=5.091e+04  traj_s_per_s=0.3  gpu_reserved_gb=60.34  sim_forecast_nll=0.8579  npe_loss=8.575  npe_rejected=0  npe_seen_max=77.23
stage=T4_simulator  step=3820  global_step=9220  loss=1.027  lr=2.889e-05  wall_s=5.115e+04  traj_s_per_s=0.3  gpu_reserved_gb=60.34  sim_forecast_nll=0.3406  npe_loss=6.474  npe_rejected=0  npe_seen_max=77.23
stage=T4_simulator  step=3840  global_step=9240  loss=0.9959  lr=2.797e-05  wall_s=5.138e+04  traj_s_per_s=0.3  gpu_reserved_gb=60.34  sim_forecast_nll=0.7494  npe_loss=8.277  npe_rejected=0  npe_seen_max=77.23
stage=T4_simulator  step=3860  global_step=9260  loss=0.9608  lr=2.706e-05  wall_s=5.163e+04  traj_s_per_s=0.3  gpu_reserved_gb=60.34  sim_forecast_nll=0.9571  npe_loss=5.561  npe_rejected=0  npe_seen_max=77.23
stage=T4_simulator  step=3880  global_step=9280  loss=0.9669  lr=2.616e-05  wall_s=5.196e+04  traj_s_per_s=0.3  gpu_reserved_gb=60.34  sim_forecast_nll=0.6589  npe_loss=5.837  npe_rejected=0  npe_seen_max=77.23
stage=T4_simulator  step=3900  global_step=9300  loss=0.9432  lr=2.527e-05  wall_s=5.226e+04  traj_s_per_s=0.3  gpu_reserved_gb=60.34  sim_forecast_nll=0.5554  npe_loss=5.411  npe_rejected=0  npe_seen_max=77.23
stage=T4_simulator  step=3920  global_step=9320  loss=1.015  lr=2.44e-05  wall_s=5.257e+04  traj_s_per_s=0.3  gpu_reserved_gb=60.34  sim_forecast_nll=0.5958  npe_loss=6.967  npe_rejected=0  npe_seen_max=77.23
stage=T4_simulator  step=3940  global_step=9340  loss=1.02  lr=2.354e-05  wall_s=5.294e+04  traj_s_per_s=0.3  gpu_reserved_gb=60.34  sim_forecast_nll=0.2174  npe_loss=6.161  npe_rejected=0  npe_seen_max=77.23
stage=T4_simulator  step=3960  global_step=9360  loss=1.036  lr=2.27e-05  wall_s=5.324e+04  traj_s_per_s=0.3  gpu_reserved_gb=60.34  sim_forecast_nll=0.743  npe_loss=5.831  npe_rejected=0  npe_seen_max=77.23
stage=T4_simulator  step=3980  global_step=9380  loss=1.05  lr=2.186e-05  wall_s=5.351e+04  traj_s_per_s=0.3  gpu_reserved_gb=60.34  sim_forecast_nll=0.9479  npe_loss=7.171  npe_rejected=0  npe_seen_max=77.23
stage=T4_simulator  step=4000  global_step=9400  loss=1.033  lr=2.105e-05  wall_s=5.377e+04  traj_s_per_s=0.3  gpu_reserved_gb=60.34  sim_forecast_nll=0.6146  npe_loss=5.785  npe_rejected=0  npe_seen_max=77.23
stage=T4_simulator  step=4020  global_step=9420  loss=0.9749  lr=2.024e-05  wall_s=5.4e+04  traj_s_per_s=0.3  gpu_reserved_gb=60.34  sim_forecast_nll=1.171  npe_loss=6.842  npe_rejected=0  npe_seen_max=77.23
stage=T4_simulator  step=4040  global_step=9440  loss=0.9345  lr=1.945e-05  wall_s=5.424e+04  traj_s_per_s=0.3  gpu_reserved_gb=60.34  sim_forecast_nll=0.6797  npe_loss=5.351  npe_rejected=0  npe_seen_max=77.23
stage=T4_simulator  step=4060  global_step=9460  loss=0.9837  lr=1.867e-05  wall_s=5.448e+04  traj_s_per_s=0.3  gpu_reserved_gb=60.34  sim_forecast_nll=0.5691  npe_loss=6.457  npe_rejected=0  npe_seen_max=77.23
stage=T4_simulator  step=4080  global_step=9480  loss=0.9442  lr=1.791e-05  wall_s=5.471e+04  traj_s_per_s=0.3  gpu_reserved_gb=60.34  sim_forecast_nll=1.018  npe_loss=5.897  npe_rejected=0  npe_seen_max=77.23
stage=T4_simulator  step=4100  global_step=9500  loss=1.055  lr=1.716e-05  wall_s=5.494e+04  traj_s_per_s=0.3  gpu_reserved_gb=60.34  sim_forecast_nll=1.125  npe_loss=6.148  npe_rejected=0  npe_seen_max=77.23
stage=T4_simulator  step=4120  global_step=9520  loss=0.9411  lr=1.643e-05  wall_s=5.517e+04  traj_s_per_s=0.3  gpu_reserved_gb=60.34  sim_forecast_nll=1.094  npe_loss=5.557  npe_rejected=0  npe_seen_max=77.23
stage=T4_simulator  step=4140  global_step=9540  loss=0.9842  lr=1.571e-05  wall_s=5.548e+04  traj_s_per_s=0.3  gpu_reserved_gb=60.34  sim_forecast_nll=0.5352  npe_loss=7.376  npe_rejected=0  npe_seen_max=77.23
stage=T4_simulator  step=4160  global_step=9560  loss=1.151  lr=1.501e-05  wall_s=5.575e+04  traj_s_per_s=0.3  gpu_reserved_gb=60.34  sim_forecast_nll=0.9897  npe_loss=6.643  npe_rejected=0  npe_seen_max=77.23
stage=T4_simulator  step=4180  global_step=9580  loss=0.9664  lr=1.432e-05  wall_s=5.603e+04  traj_s_per_s=0.3  gpu_reserved_gb=60.34  sim_forecast_nll=1.07  npe_loss=6.062  npe_rejected=0  npe_seen_max=77.23
stage=T4_simulator  step=4200  global_step=9600  loss=0.9344  lr=1.364e-05  wall_s=5.627e+04  traj_s_per_s=0.3  gpu_reserved_gb=60.34  sim_forecast_nll=0.1172  npe_loss=5.562  npe_rejected=0  npe_seen_max=77.23
stage=T4_simulator  step=4220  global_step=9620  loss=1.06  lr=1.298e-05  wall_s=5.649e+04  traj_s_per_s=0.3  gpu_reserved_gb=60.34  sim_forecast_nll=0.6597  npe_loss=8.902  npe_rejected=0  npe_seen_max=77.23
stage=T4_simulator  step=4240  global_step=9640  loss=0.9604  lr=1.234e-05  wall_s=5.676e+04  traj_s_per_s=0.3  gpu_reserved_gb=60.34  sim_forecast_nll=0.5514  npe_loss=5.444  npe_rejected=0  npe_seen_max=77.23
stage=T4_simulator  step=4260  global_step=9660  loss=0.9618  lr=1.171e-05  wall_s=5.699e+04  traj_s_per_s=0.3  gpu_reserved_gb=60.34  sim_forecast_nll=0.6502  npe_loss=6.325  npe_rejected=0  npe_seen_max=77.23
stage=T4_simulator  step=4280  global_step=9680  loss=0.9429  lr=1.11e-05  wall_s=5.721e+04  traj_s_per_s=0.3  gpu_reserved_gb=60.34  sim_forecast_nll=0.546  npe_loss=5.467  npe_rejected=0  npe_seen_max=77.23
stage=T4_simulator  step=4300  global_step=9700  loss=0.9252  lr=1.05e-05  wall_s=5.744e+04  traj_s_per_s=0.3  gpu_reserved_gb=60.34  sim_forecast_nll=0.6705  npe_loss=6.701  npe_rejected=0  npe_seen_max=77.23
stage=T4_simulator  step=4320  global_step=9720  loss=1.025  lr=9.916e-06  wall_s=5.77e+04  traj_s_per_s=0.3  gpu_reserved_gb=60.34  sim_forecast_nll=0.1685  npe_loss=6.41  npe_rejected=0  npe_seen_max=77.23
stage=T4_simulator  step=4340  global_step=9740  loss=0.9207  lr=9.35e-06  wall_s=5.793e+04  traj_s_per_s=0.3  gpu_reserved_gb=60.34  sim_forecast_nll=0.4921  npe_loss=6.766  npe_rejected=0  npe_seen_max=77.23
stage=T4_simulator  step=4360  global_step=9760  loss=1.012  lr=8.799e-06  wall_s=5.816e+04  traj_s_per_s=0.3  gpu_reserved_gb=60.34  sim_forecast_nll=0.4174  npe_loss=6.191  npe_rejected=0  npe_seen_max=77.23
stage=T4_simulator  step=4380  global_step=9780  loss=1.018  lr=8.265e-06  wall_s=5.838e+04  traj_s_per_s=0.3  gpu_reserved_gb=60.34  sim_forecast_nll=1.184  npe_loss=6.986  npe_rejected=0  npe_seen_max=77.23
stage=T4_simulator  step=4400  global_step=9800  loss=1.002  lr=7.746e-06  wall_s=5.861e+04  traj_s_per_s=0.3  gpu_reserved_gb=60.34  sim_forecast_nll=0.3403  npe_loss=5.647  npe_rejected=0  npe_seen_max=77.23
stage=T4_simulator  step=4420  global_step=9820  loss=1.054  lr=7.244e-06  wall_s=5.89e+04  traj_s_per_s=0.3  gpu_reserved_gb=60.34  sim_forecast_nll=0.7089  npe_loss=6.507  npe_rejected=0  npe_seen_max=77.23
stage=T4_simulator  step=4440  global_step=9840  loss=0.8767  lr=6.758e-06  wall_s=5.917e+04  traj_s_per_s=0.3  gpu_reserved_gb=60.34  sim_forecast_nll=-0.03816  npe_loss=6.603  npe_rejected=0  npe_seen_max=77.23
stage=T4_simulator  step=4460  global_step=9860  loss=0.9961  lr=6.288e-06  wall_s=5.951e+04  traj_s_per_s=0.3  gpu_reserved_gb=60.34  sim_forecast_nll=0.79  npe_loss=6.059  npe_rejected=0  npe_seen_max=77.23
stage=T4_simulator  step=4480  global_step=9880  loss=0.9697  lr=5.835e-06  wall_s=5.974e+04  traj_s_per_s=0.3  gpu_reserved_gb=60.34  sim_forecast_nll=0.5606  npe_loss=6.748  npe_rejected=0  npe_seen_max=77.23
stage=T4_simulator  step=4500  global_step=9900  loss=0.9963  lr=5.398e-06  wall_s=6e+04  traj_s_per_s=0.3  gpu_reserved_gb=60.34  sim_forecast_nll=0.5871  npe_loss=6.198  npe_rejected=0  npe_seen_max=77.23
stage=T4_simulator  step=4520  global_step=9920  loss=0.895  lr=4.977e-06  wall_s=6.023e+04  traj_s_per_s=0.3  gpu_reserved_gb=60.34  sim_forecast_nll=0.0915  npe_loss=5.544  npe_rejected=0  npe_seen_max=77.23
stage=T4_simulator  step=4540  global_step=9940  loss=1.14  lr=4.573e-06  wall_s=6.046e+04  traj_s_per_s=0.3  gpu_reserved_gb=60.34  sim_forecast_nll=0.8989  npe_loss=7.26  npe_rejected=0  npe_seen_max=77.23
stage=T4_simulator  step=4560  global_step=9960  loss=1.008  lr=4.186e-06  wall_s=6.069e+04  traj_s_per_s=0.3  gpu_reserved_gb=60.34  sim_forecast_nll=1.487  npe_loss=7.54  npe_rejected=0  npe_seen_max=77.23
stage=T4_simulator  step=4580  global_step=9980  loss=1.109  lr=3.816e-06  wall_s=6.091e+04  traj_s_per_s=0.3  gpu_reserved_gb=60.34  sim_forecast_nll=1.152  npe_loss=8.001  npe_rejected=0  npe_seen_max=77.23
stage=T4_simulator  step=4600  global_step=1e+04  loss=0.9787  lr=3.463e-06  wall_s=6.117e+04  traj_s_per_s=0.3  gpu_reserved_gb=60.34  sim_forecast_nll=1.13  npe_loss=7.401  npe_rejected=0  npe_seen_max=77.23
stage=T4_simulator  step=4620  global_step=1.002e+04  loss=0.9113  lr=3.126e-06  wall_s=6.146e+04  traj_s_per_s=0.3  gpu_reserved_gb=60.34  sim_forecast_nll=0.7416  npe_loss=5.044  npe_rejected=0  npe_seen_max=77.23
stage=T4_simulator  step=4640  global_step=1.004e+04  loss=1.033  lr=2.806e-06  wall_s=6.173e+04  traj_s_per_s=0.3  gpu_reserved_gb=60.34  sim_forecast_nll=0.2754  npe_loss=5.472  npe_rejected=0  npe_seen_max=77.23
stage=T4_simulator  step=4660  global_step=1.006e+04  loss=0.9976  lr=2.504e-06  wall_s=6.195e+04  traj_s_per_s=0.3  gpu_reserved_gb=60.34  sim_forecast_nll=0.6246  npe_loss=7.631  npe_rejected=0  npe_seen_max=77.23
stage=T4_simulator  step=4680  global_step=1.008e+04  loss=1.126  lr=2.218e-06  wall_s=6.218e+04  traj_s_per_s=0.3  gpu_reserved_gb=60.34  sim_forecast_nll=0.8352  npe_loss=7.58  npe_rejected=0  npe_seen_max=77.23
stage=T4_simulator  step=4700  global_step=1.01e+04  loss=1.014  lr=1.95e-06  wall_s=6.241e+04  traj_s_per_s=0.3  gpu_reserved_gb=60.34  sim_forecast_nll=0.7537  npe_loss=5.815  npe_rejected=0  npe_seen_max=77.23
stage=T4_simulator  step=4720  global_step=1.012e+04  loss=1.019  lr=1.698e-06  wall_s=6.264e+04  traj_s_per_s=0.3  gpu_reserved_gb=60.34  sim_forecast_nll=0.9543  npe_loss=8.955  npe_rejected=0  npe_seen_max=77.23
stage=T4_simulator  step=4740  global_step=1.014e+04  loss=1.032  lr=1.464e-06  wall_s=6.287e+04  traj_s_per_s=0.3  gpu_reserved_gb=60.34  sim_forecast_nll=0.3316  npe_loss=7.403  npe_rejected=0  npe_seen_max=77.23
stage=T4_simulator  step=4760  global_step=1.016e+04  loss=0.9941  lr=1.248e-06  wall_s=6.318e+04  traj_s_per_s=0.3  gpu_reserved_gb=60.34  sim_forecast_nll=0.753  npe_loss=5.914  npe_rejected=0  npe_seen_max=77.23
stage=T4_simulator  step=4780  global_step=1.018e+04  loss=0.974  lr=1.048e-06  wall_s=6.347e+04  traj_s_per_s=0.3  gpu_reserved_gb=60.34  sim_forecast_nll=-0.06796  npe_loss=6.101  npe_rejected=0  npe_seen_max=77.23
stage=T4_simulator  step=4800  global_step=1.02e+04  loss=0.972  lr=8.657e-07  wall_s=6.371e+04  traj_s_per_s=0.3  gpu_reserved_gb=60.34  sim_forecast_nll=0.7518  npe_loss=6.719  npe_rejected=0  npe_seen_max=77.23
stage=T4_simulator  step=4820  global_step=1.022e+04  loss=1.015  lr=7.008e-07  wall_s=6.394e+04  traj_s_per_s=0.3  gpu_reserved_gb=60.34  sim_forecast_nll=0.8304  npe_loss=7.777  npe_rejected=0  npe_seen_max=77.23
stage=T4_simulator  step=4840  global_step=1.024e+04  loss=0.9976  lr=5.532e-07  wall_s=6.427e+04  traj_s_per_s=0.3  gpu_reserved_gb=60.34  sim_forecast_nll=-0.101  npe_loss=5.795  npe_rejected=0  npe_seen_max=77.23
stage=T4_simulator  step=4860  global_step=1.026e+04  loss=0.9048  lr=4.231e-07  wall_s=6.457e+04  traj_s_per_s=0.3  gpu_reserved_gb=60.34  sim_forecast_nll=0.7482  npe_loss=8.532  npe_rejected=0  npe_seen_max=77.23
stage=T4_simulator  step=4880  global_step=1.028e+04  loss=0.918  lr=3.104e-07  wall_s=6.48e+04  traj_s_per_s=0.3  gpu_reserved_gb=60.34  sim_forecast_nll=0.6514  npe_loss=5.987  npe_rejected=0  npe_seen_max=77.23
stage=T4_simulator  step=4900  global_step=1.03e+04  loss=1.01  lr=2.151e-07  wall_s=6.503e+04  traj_s_per_s=0.3  gpu_reserved_gb=60.34  sim_forecast_nll=0.9917  npe_loss=8.991  npe_rejected=0  npe_seen_max=77.23
stage=T4_simulator  step=4920  global_step=1.032e+04  loss=1.007  lr=1.373e-07  wall_s=6.526e+04  traj_s_per_s=0.3  gpu_reserved_gb=60.34  sim_forecast_nll=0.7318  npe_loss=6.113  npe_rejected=0  npe_seen_max=77.23
stage=T4_simulator  step=4940  global_step=1.034e+04  loss=0.9805  lr=7.693e-08  wall_s=6.549e+04  traj_s_per_s=0.3  gpu_reserved_gb=60.34  sim_forecast_nll=0.8905  npe_loss=5.569  npe_rejected=0  npe_seen_max=77.23
stage=T4_simulator  step=4960  global_step=1.036e+04  loss=1.005  lr=3.406e-08  wall_s=6.572e+04  traj_s_per_s=0.3  gpu_reserved_gb=60.34  sim_forecast_nll=0.8136  npe_loss=6.947  npe_rejected=0  npe_seen_max=77.23
stage=T4_simulator  step=4980  global_step=1.038e+04  loss=1.013  lr=8.696e-09  wall_s=6.598e+04  traj_s_per_s=0.3  gpu_reserved_gb=60.34  sim_forecast_nll=0.3747  npe_loss=5.96  npe_rejected=0  npe_seen_max=77.23
stage=T4_simulator  step=5000  global_step=1.04e+04  loss=0.9345  lr=8.219e-10  wall_s=6.621e+04  traj_s_per_s=0.3  gpu_reserved_gb=60.34  sim_forecast_nll=0.9948  npe_loss=6.04  npe_rejected=0  npe_seen_max=77.23
[noise-floor after:T4_simulator] log_noise -0.5135 -> -0.6253  (variance 387.8835 -> 3218.5286, realised 19.0062)

=== Stage T5_measured_return: 3000 steps, lr=0.00012 ===
[curriculum] T5_measured_return: tiers [1, 2] sources ['ds000117_behaviour', 'ds000117_real', 'ds002336_real', 'ds004024_perturb', 'ds004024_rest_real', 'eegmmidb_real', 'montage_calibration', 'sleepedf_real'] absent_tiers [] provenance=config:extra.curriculum
stage=T5_measured_return  step=1  global_step=1.04e+04  loss=1  lr=4.813e-06  wall_s=8.9  traj_s_per_s=0.5  gpu_reserved_gb=60.34  eegmmidb_real_eeg_nll=1.531  real_bold_nll=8.867e+04  bold_log_scale=5.496  bold_parcels_covered=400
stage=T5_measured_return  step=20  global_step=1.042e+04  loss=1.011  lr=9.846e-06  wall_s=193.9  traj_s_per_s=0.4  gpu_reserved_gb=60.34  eegmmidb_real_eeg_nll=1.491  real_bold_nll=7.379e+04  bold_log_scale=5.714  bold_parcels_covered=393
stage=T5_measured_return  step=40  global_step=1.044e+04  loss=0.9412  lr=2.41e-05  wall_s=389.6  traj_s_per_s=0.4  gpu_reserved_gb=60.34  eegmmidb_real_eeg_nll=1.519  real_bold_nll=3.851e+04  bold_log_scale=5.597  bold_parcels_covered=400
stage=T5_measured_return  step=60  global_step=1.046e+04  loss=0.927  lr=4.506e-05  wall_s=579  traj_s_per_s=0.4  gpu_reserved_gb=60.34  eegmmidb_real_eeg_nll=1.453  real_bold_nll=5.218e+04  bold_log_scale=5.484  bold_parcels_covered=397
stage=T5_measured_return  step=80  global_step=1.048e+04  loss=1.02  lr=6.906e-05  wall_s=771.1  traj_s_per_s=0.4  gpu_reserved_gb=60.34  eegmmidb_real_eeg_nll=1.453  real_bold_nll=1.684e+05  bold_log_scale=5.76  bold_parcels_covered=400
stage=T5_measured_return  step=100  global_step=1.05e+04  loss=0.9739  lr=9.19e-05  wall_s=976.2  traj_s_per_s=0.4  gpu_reserved_gb=60.34  eegmmidb_real_eeg_nll=1.517  real_bold_nll=2.201e+04  bold_log_scale=5.509  bold_parcels_covered=397
stage=T5_measured_return  step=120  global_step=1.052e+04  loss=1.062  lr=0.0001096  wall_s=1175  traj_s_per_s=0.4  gpu_reserved_gb=60.34  eegmmidb_real_eeg_nll=1.529  real_bold_nll=5.3e+04  bold_log_scale=5.4  bold_parcels_covered=400
stage=T5_measured_return  step=140  global_step=1.054e+04  loss=0.9524  lr=0.000119  wall_s=1400  traj_s_per_s=0.4  gpu_reserved_gb=60.34  eegmmidb_real_eeg_nll=1.494  real_bold_nll=3.023e+04  bold_log_scale=5.706  bold_parcels_covered=399
stage=T5_measured_return  step=160  global_step=1.056e+04  loss=1.138  lr=0.00012  wall_s=1598  traj_s_per_s=0.4  gpu_reserved_gb=60.34  eegmmidb_real_eeg_nll=1.513  real_bold_nll=2.403e+05  bold_log_scale=5.675  bold_parcels_covered=400
stage=T5_measured_return  step=180  global_step=1.058e+04  loss=0.9889  lr=0.00012  wall_s=1792  traj_s_per_s=0.4  gpu_reserved_gb=60.34  eegmmidb_real_eeg_nll=1.52  real_bold_nll=6.313e+04  bold_log_scale=5.733  bold_parcels_covered=400
stage=T5_measured_return  step=200  global_step=1.06e+04  loss=0.9963  lr=0.0001199  wall_s=1984  traj_s_per_s=0.4  gpu_reserved_gb=60.34  eegmmidb_real_eeg_nll=1.467  real_bold_nll=9.88e+04  bold_log_scale=5.534  bold_parcels_covered=379
stage=T5_measured_return  step=220  global_step=1.062e+04  loss=0.9423  lr=0.0001198  wall_s=2179  traj_s_per_s=0.4  gpu_reserved_gb=60.34  eegmmidb_real_eeg_nll=1.48  real_bold_nll=2.806e+04  bold_log_scale=5.639  bold_parcels_covered=398
stage=T5_measured_return  step=240  global_step=1.064e+04  loss=1.04  lr=0.0001197  wall_s=2373  traj_s_per_s=0.4  gpu_reserved_gb=60.34  eegmmidb_real_eeg_nll=1.427  real_bold_nll=3.549e+05  bold_log_scale=5.427  bold_parcels_covered=393
stage=T5_measured_return  step=260  global_step=1.066e+04  loss=1.044  lr=0.0001196  wall_s=2561  traj_s_per_s=0.4  gpu_reserved_gb=60.34  eegmmidb_real_eeg_nll=1.481  real_bold_nll=5.827e+04  bold_log_scale=5.694  bold_parcels_covered=399
stage=T5_measured_return  step=280  global_step=1.068e+04  loss=0.9457  lr=0.0001194  wall_s=2756  traj_s_per_s=0.4  gpu_reserved_gb=60.34  eegmmidb_real_eeg_nll=1.402  real_bold_nll=4.337e+04  bold_log_scale=5.374  bold_parcels_covered=400
stage=T5_measured_return  step=300  global_step=1.07e+04  loss=1.004  lr=0.0001192  wall_s=2948  traj_s_per_s=0.4  gpu_reserved_gb=60.34  eegmmidb_real_eeg_nll=1.459  real_bold_nll=5783  bold_log_scale=5.678  bold_parcels_covered=400
stage=T5_measured_return  step=320  global_step=1.072e+04  loss=0.9719  lr=0.0001189  wall_s=3138  traj_s_per_s=0.4  gpu_reserved_gb=60.34  eegmmidb_real_eeg_nll=1.436  real_bold_nll=5.868e+04  bold_log_scale=5.608  bold_parcels_covered=357
stage=T5_measured_return  step=340  global_step=1.074e+04  loss=1.017  lr=0.0001187  wall_s=3364  traj_s_per_s=0.4  gpu_reserved_gb=60.34  eegmmidb_real_eeg_nll=1.471  real_bold_nll=3.537e+04  bold_log_scale=5.537  bold_parcels_covered=400
stage=T5_measured_return  step=360  global_step=1.076e+04  loss=1.054  lr=0.0001184  wall_s=3558  traj_s_per_s=0.4  gpu_reserved_gb=60.34  eegmmidb_real_eeg_nll=1.355  real_bold_nll=6.809e+04  bold_log_scale=5.944  bold_parcels_covered=397
stage=T5_measured_return  step=380  global_step=1.078e+04  loss=0.9957  lr=0.0001181  wall_s=3749  traj_s_per_s=0.4  gpu_reserved_gb=60.34  eegmmidb_real_eeg_nll=1.481  real_bold_nll=1.658e+04  bold_log_scale=5.527  bold_parcels_covered=400
stage=T5_measured_return  step=400  global_step=1.08e+04  loss=1.183  lr=0.0001177  wall_s=3939  traj_s_per_s=0.4  gpu_reserved_gb=60.34  eegmmidb_real_eeg_nll=1.43  real_bold_nll=3.358e+05  bold_log_scale=5.544  bold_parcels_covered=398
stage=T5_measured_return  step=420  global_step=1.082e+04  loss=1.14  lr=0.0001173  wall_s=4137  traj_s_per_s=0.4  gpu_reserved_gb=60.34  eegmmidb_real_eeg_nll=1.47  real_bold_nll=1.02e+05  bold_log_scale=5.407  bold_parcels_covered=400
stage=T5_measured_return  step=440  global_step=1.084e+04  loss=0.9582  lr=0.0001169  wall_s=4328  traj_s_per_s=0.4  gpu_reserved_gb=60.34  eegmmidb_real_eeg_nll=1.53  real_bold_nll=7343  bold_log_scale=5.811  bold_parcels_covered=397
stage=T5_measured_return  step=460  global_step=1.086e+04  loss=1.044  lr=0.0001165  wall_s=4523  traj_s_per_s=0.4  gpu_reserved_gb=60.34  eegmmidb_real_eeg_nll=1.449  real_bold_nll=3.852e+04  bold_log_scale=5.648  bold_parcels_covered=400
stage=T5_measured_return  step=480  global_step=1.088e+04  loss=1.121  lr=0.0001161  wall_s=4717  traj_s_per_s=0.4  gpu_reserved_gb=60.34  eegmmidb_real_eeg_nll=1.555  real_bold_nll=4.532e+04  bold_log_scale=5.506  bold_parcels_covered=399
stage=T5_measured_return  step=500  global_step=1.09e+04  loss=1.06  lr=0.0001156  wall_s=4917  traj_s_per_s=0.4  gpu_reserved_gb=60.34  eegmmidb_real_eeg_nll=1.418  real_bold_nll=4.68e+04  bold_log_scale=5.587  bold_parcels_covered=397
stage=T5_measured_return  step=520  global_step=1.092e+04  loss=1.053  lr=0.0001151  wall_s=5110  traj_s_per_s=0.4  gpu_reserved_gb=60.34  eegmmidb_real_eeg_nll=1.533  real_bold_nll=5.835e+04  bold_log_scale=5.535  bold_parcels_covered=400
stage=T5_measured_return  step=540  global_step=1.094e+04  loss=0.9789  lr=0.0001145  wall_s=5307  traj_s_per_s=0.4  gpu_reserved_gb=60.34  eegmmidb_real_eeg_nll=1.444  real_bold_nll=2.494e+04  bold_log_scale=5.52  bold_parcels_covered=400
stage=T5_measured_return  step=560  global_step=1.096e+04  loss=1.067  lr=0.0001139  wall_s=5503  traj_s_per_s=0.4  gpu_reserved_gb=60.34  eegmmidb_real_eeg_nll=1.432  real_bold_nll=1.699e+05  bold_log_scale=5.587  bold_parcels_covered=397
stage=T5_measured_return  step=580  global_step=1.098e+04  loss=1.018  lr=0.0001134  wall_s=5695  traj_s_per_s=0.4  gpu_reserved_gb=60.34  eegmmidb_real_eeg_nll=1.446  real_bold_nll=3.001e+05  bold_log_scale=5.575  bold_parcels_covered=398
stage=T5_measured_return  step=600  global_step=1.1e+04  loss=1.045  lr=0.0001127  wall_s=5888  traj_s_per_s=0.4  gpu_reserved_gb=60.34  eegmmidb_real_eeg_nll=1.548  real_bold_nll=7.955e+04  bold_log_scale=5.819  bold_parcels_covered=395
stage=T5_measured_return  step=620  global_step=1.102e+04  loss=0.9138  lr=0.0001121  wall_s=6084  traj_s_per_s=0.4  gpu_reserved_gb=60.34  eegmmidb_real_eeg_nll=1.375  real_bold_nll=1.193e+05  bold_log_scale=5.704  bold_parcels_covered=397
stage=T5_measured_return  step=640  global_step=1.104e+04  loss=1.009  lr=0.0001114  wall_s=6278  traj_s_per_s=0.4  gpu_reserved_gb=60.34  eegmmidb_real_eeg_nll=1.454  real_bold_nll=2.758e+05  bold_log_scale=5.602  bold_parcels_covered=400
stage=T5_measured_return  step=660  global_step=1.106e+04  loss=0.9295  lr=0.0001107  wall_s=6474  traj_s_per_s=0.4  gpu_reserved_gb=60.34  eegmmidb_real_eeg_nll=1.389  real_bold_nll=7793  bold_log_scale=5.656  bold_parcels_covered=400
stage=T5_measured_return  step=680  global_step=1.108e+04  loss=1.024  lr=0.00011  wall_s=6663  traj_s_per_s=0.4  gpu_reserved_gb=60.34  eegmmidb_real_eeg_nll=1.449  real_bold_nll=1.591e+05  bold_log_scale=5.669  bold_parcels_covered=400
stage=T5_measured_return  step=700  global_step=1.11e+04  loss=0.8556  lr=0.0001093  wall_s=6859  traj_s_per_s=0.4  gpu_reserved_gb=60.34  eegmmidb_real_eeg_nll=1.303  real_bold_nll=4484  bold_log_scale=5.413  bold_parcels_covered=400
stage=T5_measured_return  step=720  global_step=1.112e+04  loss=0.9366  lr=0.0001085  wall_s=7053  traj_s_per_s=0.4  gpu_reserved_gb=60.34  eegmmidb_real_eeg_nll=1.503  real_bold_nll=1620  bold_log_scale=5.634  bold_parcels_covered=400
stage=T5_measured_return  step=740  global_step=1.114e+04  loss=0.9174  lr=0.0001077  wall_s=7252  traj_s_per_s=0.4  gpu_reserved_gb=60.34  eegmmidb_real_eeg_nll=1.347  real_bold_nll=1.559e+04  bold_log_scale=5.54  bold_parcels_covered=399
stage=T5_measured_return  step=760  global_step=1.116e+04  loss=0.9982  lr=0.0001069  wall_s=7444  traj_s_per_s=0.4  gpu_reserved_gb=60.34  eegmmidb_real_eeg_nll=1.525  real_bold_nll=1.365e+04  bold_log_scale=5.74  bold_parcels_covered=400
stage=T5_measured_return  step=780  global_step=1.118e+04  loss=1.039  lr=0.0001061  wall_s=7642  traj_s_per_s=0.4  gpu_reserved_gb=60.34  eegmmidb_real_eeg_nll=1.417  real_bold_nll=1.452e+04  bold_log_scale=5.681  bold_parcels_covered=398
stage=T5_measured_return  step=800  global_step=1.12e+04  loss=1.125  lr=0.0001052  wall_s=7834  traj_s_per_s=0.4  gpu_reserved_gb=60.34  eegmmidb_real_eeg_nll=1.228  real_bold_nll=1.163e+05  bold_log_scale=5.786  bold_parcels_covered=398
stage=T5_measured_return  step=820  global_step=1.122e+04  loss=1.011  lr=0.0001043  wall_s=8021  traj_s_per_s=0.4  gpu_reserved_gb=60.34  eegmmidb_real_eeg_nll=1.401  real_bold_nll=4.715e+04  bold_log_scale=5.736  bold_parcels_covered=400
stage=T5_measured_return  step=840  global_step=1.124e+04  loss=0.9562  lr=0.0001034  wall_s=8216  traj_s_per_s=0.4  gpu_reserved_gb=60.34  eegmmidb_real_eeg_nll=1.428  real_bold_nll=3496  bold_log_scale=5.495  bold_parcels_covered=400
stage=T5_measured_return  step=860  global_step=1.126e+04  loss=1.043  lr=0.0001025  wall_s=8416  traj_s_per_s=0.4  gpu_reserved_gb=60.34  eegmmidb_real_eeg_nll=1.359  real_bold_nll=6.029e+04  bold_log_scale=5.552  bold_parcels_covered=400
stage=T5_measured_return  step=880  global_step=1.128e+04  loss=0.9344  lr=0.0001016  wall_s=8612  traj_s_per_s=0.4  gpu_reserved_gb=60.34  eegmmidb_real_eeg_nll=1.303  real_bold_nll=2.737e+04  bold_log_scale=5.338  bold_parcels_covered=400
stage=T5_measured_return  step=900  global_step=1.13e+04  loss=1.035  lr=0.0001006  wall_s=8802  traj_s_per_s=0.4  gpu_reserved_gb=60.34  eegmmidb_real_eeg_nll=1.502  real_bold_nll=2.482e+04  bold_log_scale=5.545  bold_parcels_covered=395
stage=T5_measured_return  step=920  global_step=1.132e+04  loss=0.9929  lr=9.96e-05  wall_s=8991  traj_s_per_s=0.4  gpu_reserved_gb=60.34  eegmmidb_real_eeg_nll=1.485  real_bold_nll=421  bold_log_scale=5.641  bold_parcels_covered=393
stage=T5_measured_return  step=940  global_step=1.134e+04  loss=1.065  lr=9.86e-05  wall_s=9183  traj_s_per_s=0.4  gpu_reserved_gb=60.34  eegmmidb_real_eeg_nll=1.339  real_bold_nll=2.633e+04  bold_log_scale=5.684  bold_parcels_covered=397
stage=T5_measured_return  step=960  global_step=1.136e+04  loss=1.089  lr=9.758e-05  wall_s=9380  traj_s_per_s=0.4  gpu_reserved_gb=60.34  eegmmidb_real_eeg_nll=1.433  real_bold_nll=5.176e+04  bold_log_scale=5.482  bold_parcels_covered=400
stage=T5_measured_return  step=980  global_step=1.138e+04  loss=0.9543  lr=9.654e-05  wall_s=9582  traj_s_per_s=0.4  gpu_reserved_gb=60.34  eegmmidb_real_eeg_nll=1.344  real_bold_nll=2.627e+04  bold_log_scale=5.652  bold_parcels_covered=378
stage=T5_measured_return  step=1000  global_step=1.14e+04  loss=1.048  lr=9.548e-05  wall_s=9775  traj_s_per_s=0.4  gpu_reserved_gb=60.34  eegmmidb_real_eeg_nll=1.532  real_bold_nll=2.436e+04  bold_log_scale=5.599  bold_parcels_covered=399
stage=T5_measured_return  step=1020  global_step=1.142e+04  loss=0.9887  lr=9.441e-05  wall_s=9970  traj_s_per_s=0.4  gpu_reserved_gb=60.34  eegmmidb_real_eeg_nll=1.424  real_bold_nll=3.187e+04  bold_log_scale=5.388  bold_parcels_covered=400
stage=T5_measured_return  step=1040  global_step=1.144e+04  loss=0.9487  lr=9.331e-05  wall_s=1.016e+04  traj_s_per_s=0.4  gpu_reserved_gb=60.34  eegmmidb_real_eeg_nll=1.362  real_bold_nll=1.16e+05  bold_log_scale=5.741  bold_parcels_covered=378
stage=T5_measured_return  step=1060  global_step=1.146e+04  loss=0.9927  lr=9.221e-05  wall_s=1.035e+04  traj_s_per_s=0.4  gpu_reserved_gb=60.34  eegmmidb_real_eeg_nll=1.463  real_bold_nll=1.214e+04  bold_log_scale=5.714  bold_parcels_covered=400
stage=T5_measured_return  step=1080  global_step=1.148e+04  loss=0.9465  lr=9.108e-05  wall_s=1.054e+04  traj_s_per_s=0.4  gpu_reserved_gb=60.34  eegmmidb_real_eeg_nll=1.447  real_bold_nll=7890  bold_log_scale=5.573  bold_parcels_covered=379
stage=T5_measured_return  step=1100  global_step=1.15e+04  loss=1.019  lr=8.994e-05  wall_s=1.074e+04  traj_s_per_s=0.4  gpu_reserved_gb=60.34  eegmmidb_real_eeg_nll=1.467  real_bold_nll=4.375e+04  bold_log_scale=5.573  bold_parcels_covered=400
stage=T5_measured_return  step=1120  global_step=1.152e+04  loss=1.025  lr=8.879e-05  wall_s=1.094e+04  traj_s_per_s=0.4  gpu_reserved_gb=60.34  eegmmidb_real_eeg_nll=1.567  real_bold_nll=2.509e+04  bold_log_scale=5.704  bold_parcels_covered=395
stage=T5_measured_return  step=1140  global_step=1.154e+04  loss=0.9481  lr=8.762e-05  wall_s=1.113e+04  traj_s_per_s=0.4  gpu_reserved_gb=60.34  eegmmidb_real_eeg_nll=1.476  real_bold_nll=7911  bold_log_scale=5.496  bold_parcels_covered=391
stage=T5_measured_return  step=1160  global_step=1.156e+04  loss=0.9194  lr=8.644e-05  wall_s=1.133e+04  traj_s_per_s=0.4  gpu_reserved_gb=60.34  eegmmidb_real_eeg_nll=1.339  real_bold_nll=2.148e+04  bold_log_scale=5.83  bold_parcels_covered=378
stage=T5_measured_return  step=1180  global_step=1.158e+04  loss=0.9144  lr=8.525e-05  wall_s=1.152e+04  traj_s_per_s=0.4  gpu_reserved_gb=60.34  eegmmidb_real_eeg_nll=1.356  real_bold_nll=1.799e+04  bold_log_scale=5.483  bold_parcels_covered=400
stage=T5_measured_return  step=1200  global_step=1.16e+04  loss=0.9883  lr=8.404e-05  wall_s=1.171e+04  traj_s_per_s=0.4  gpu_reserved_gb=60.34  eegmmidb_real_eeg_nll=1.535  real_bold_nll=3048  bold_log_scale=5.786  bold_parcels_covered=398
stage=T5_measured_return  step=1220  global_step=1.162e+04  loss=0.9499  lr=8.282e-05  wall_s=1.19e+04  traj_s_per_s=0.4  gpu_reserved_gb=60.34  eegmmidb_real_eeg_nll=1.418  real_bold_nll=1.761e+04  bold_log_scale=5.883  bold_parcels_covered=395
stage=T5_measured_return  step=1240  global_step=1.164e+04  loss=1.147  lr=8.159e-05  wall_s=1.209e+04  traj_s_per_s=0.4  gpu_reserved_gb=60.34  eegmmidb_real_eeg_nll=1.394  real_bold_nll=1.43e+05  bold_log_scale=5.284  bold_parcels_covered=400
stage=T5_measured_return  step=1260  global_step=1.166e+04  loss=0.8466  lr=8.036e-05  wall_s=1.227e+04  traj_s_per_s=0.4  gpu_reserved_gb=60.34  eegmmidb_real_eeg_nll=1.246  real_bold_nll=9724  bold_log_scale=5.685  bold_parcels_covered=400
stage=T5_measured_return  step=1280  global_step=1.168e+04  loss=1.032  lr=7.911e-05  wall_s=1.247e+04  traj_s_per_s=0.4  gpu_reserved_gb=60.34  eegmmidb_real_eeg_nll=1.475  real_bold_nll=1.026e+05  bold_log_scale=5.661  bold_parcels_covered=400
stage=T5_measured_return  step=1300  global_step=1.17e+04  loss=0.8514  lr=7.785e-05  wall_s=1.266e+04  traj_s_per_s=0.4  gpu_reserved_gb=60.34  eegmmidb_real_eeg_nll=1.271  real_bold_nll=8.232e+04  bold_log_scale=5.313  bold_parcels_covered=400
stage=T5_measured_return  step=1320  global_step=1.172e+04  loss=1.032  lr=7.658e-05  wall_s=1.286e+04  traj_s_per_s=0.4  gpu_reserved_gb=60.34  eegmmidb_real_eeg_nll=1.423  real_bold_nll=2.103e+05  bold_log_scale=5.533  bold_parcels_covered=400
stage=T5_measured_return  step=1340  global_step=1.174e+04  loss=0.8975  lr=7.531e-05  wall_s=1.305e+04  traj_s_per_s=0.4  gpu_reserved_gb=60.34  eegmmidb_real_eeg_nll=1.352  real_bold_nll=1.571e+04  bold_log_scale=5.329  bold_parcels_covered=400
stage=T5_measured_return  step=1360  global_step=1.176e+04  loss=1.068  lr=7.402e-05  wall_s=1.324e+04  traj_s_per_s=0.4  gpu_reserved_gb=60.34  eegmmidb_real_eeg_nll=1.522  real_bold_nll=2.362e+04  bold_log_scale=5.695  bold_parcels_covered=393
stage=T5_measured_return  step=1380  global_step=1.178e+04  loss=0.8783  lr=7.273e-05  wall_s=1.343e+04  traj_s_per_s=0.4  gpu_reserved_gb=60.34  eegmmidb_real_eeg_nll=1.358  real_bold_nll=1171  bold_log_scale=5.651  bold_parcels_covered=393
stage=T5_measured_return  step=1400  global_step=1.18e+04  loss=0.9662  lr=7.144e-05  wall_s=1.363e+04  traj_s_per_s=0.4  gpu_reserved_gb=60.34  eegmmidb_real_eeg_nll=1.323  real_bold_nll=1597  bold_log_scale=5.625  bold_parcels_covered=400
stage=T5_measured_return  step=1420  global_step=1.182e+04  loss=0.952  lr=7.014e-05  wall_s=1.382e+04  traj_s_per_s=0.4  gpu_reserved_gb=60.34  eegmmidb_real_eeg_nll=1.445  real_bold_nll=1.62e+04  bold_log_scale=5.648  bold_parcels_covered=384
stage=T5_measured_return  step=1440  global_step=1.184e+04  loss=0.8594  lr=6.883e-05  wall_s=1.401e+04  traj_s_per_s=0.4  gpu_reserved_gb=60.34  eegmmidb_real_eeg_nll=1.298  real_bold_nll=1.944e+04  bold_log_scale=5.515  bold_parcels_covered=400
stage=T5_measured_return  step=1460  global_step=1.186e+04  loss=1.08  lr=6.752e-05  wall_s=1.421e+04  traj_s_per_s=0.4  gpu_reserved_gb=60.34  eegmmidb_real_eeg_nll=1.426  real_bold_nll=1.136e+04  bold_log_scale=5.471  bold_parcels_covered=397
stage=T5_measured_return  step=1480  global_step=1.188e+04  loss=0.9875  lr=6.621e-05  wall_s=1.44e+04  traj_s_per_s=0.4  gpu_reserved_gb=60.34  eegmmidb_real_eeg_nll=1.286  real_bold_nll=6580  bold_log_scale=5.645  bold_parcels_covered=400
stage=T5_measured_return  step=1500  global_step=1.19e+04  loss=1.102  lr=6.489e-05  wall_s=1.459e+04  traj_s_per_s=0.4  gpu_reserved_gb=60.34  eegmmidb_real_eeg_nll=1.625  real_bold_nll=2.31e+04  bold_log_scale=5.76  bold_parcels_covered=400
stage=T5_measured_return  step=1520  global_step=1.192e+04  loss=0.9969  lr=6.357e-05  wall_s=1.478e+04  traj_s_per_s=0.4  gpu_reserved_gb=60.34  eegmmidb_real_eeg_nll=1.344  real_bold_nll=7.466e+04  bold_log_scale=5.567  bold_parcels_covered=400
stage=T5_measured_return  step=1540  global_step=1.194e+04  loss=1.049  lr=6.225e-05  wall_s=1.497e+04  traj_s_per_s=0.4  gpu_reserved_gb=60.34  eegmmidb_real_eeg_nll=1.388  real_bold_nll=2.563e+05  bold_log_scale=5.67  bold_parcels_covered=393
stage=T5_measured_return  step=1560  global_step=1.196e+04  loss=1.045  lr=6.093e-05  wall_s=1.517e+04  traj_s_per_s=0.4  gpu_reserved_gb=60.34  eegmmidb_real_eeg_nll=1.484  real_bold_nll=7.823e+04  bold_log_scale=5.456  bold_parcels_covered=397
stage=T5_measured_return  step=1580  global_step=1.198e+04  loss=0.8992  lr=5.96e-05  wall_s=1.536e+04  traj_s_per_s=0.4  gpu_reserved_gb=60.34  eegmmidb_real_eeg_nll=1.334  real_bold_nll=2.271e+04  bold_log_scale=5.585  bold_parcels_covered=398
stage=T5_measured_return  step=1600  global_step=1.2e+04  loss=1.207  lr=5.828e-05  wall_s=1.555e+04  traj_s_per_s=0.4  gpu_reserved_gb=60.34  eegmmidb_real_eeg_nll=1.712  real_bold_nll=1.405e+05  bold_log_scale=5.7  bold_parcels_covered=400
stage=T5_measured_return  step=1620  global_step=1.202e+04  loss=0.9431  lr=5.696e-05  wall_s=1.575e+04  traj_s_per_s=0.4  gpu_reserved_gb=60.34  eegmmidb_real_eeg_nll=1.391  real_bold_nll=3548  bold_log_scale=5.76  bold_parcels_covered=379
stage=T5_measured_return  step=1640  global_step=1.204e+04  loss=0.9388  lr=5.564e-05  wall_s=1.594e+04  traj_s_per_s=0.4  gpu_reserved_gb=60.34  eegmmidb_real_eeg_nll=1.406  real_bold_nll=9306  bold_log_scale=5.658  bold_parcels_covered=398
stage=T5_measured_return  step=1660  global_step=1.206e+04  loss=0.9561  lr=5.432e-05  wall_s=1.613e+04  traj_s_per_s=0.4  gpu_reserved_gb=60.34  eegmmidb_real_eeg_nll=1.314  real_bold_nll=5953  bold_log_scale=5.577  bold_parcels_covered=400
stage=T5_measured_return  step=1680  global_step=1.208e+04  loss=0.8696  lr=5.301e-05  wall_s=1.633e+04  traj_s_per_s=0.4  gpu_reserved_gb=60.34  eegmmidb_real_eeg_nll=1.256  real_bold_nll=1105  bold_log_scale=5.484  bold_parcels_covered=400
stage=T5_measured_return  step=1700  global_step=1.21e+04  loss=0.9703  lr=5.169e-05  wall_s=1.652e+04  traj_s_per_s=0.4  gpu_reserved_gb=60.34  eegmmidb_real_eeg_nll=1.433  real_bold_nll=3127  bold_log_scale=5.369  bold_parcels_covered=400
stage=T5_measured_return  step=1720  global_step=1.212e+04  loss=0.9586  lr=5.039e-05  wall_s=1.675e+04  traj_s_per_s=0.4  gpu_reserved_gb=60.34  eegmmidb_real_eeg_nll=1.409  real_bold_nll=1233  bold_log_scale=5.516  bold_parcels_covered=398
stage=T5_measured_return  step=1740  global_step=1.214e+04  loss=0.8999  lr=4.908e-05  wall_s=1.694e+04  traj_s_per_s=0.4  gpu_reserved_gb=60.34  eegmmidb_real_eeg_nll=1.289  real_bold_nll=2.145e+04  bold_log_scale=5.663  bold_parcels_covered=397
stage=T5_measured_return  step=1760  global_step=1.216e+04  loss=0.9255  lr=4.778e-05  wall_s=1.713e+04  traj_s_per_s=0.4  gpu_reserved_gb=60.34  eegmmidb_real_eeg_nll=1.35  real_bold_nll=2.094e+04  bold_log_scale=5.448  bold_parcels_covered=400
stage=T5_measured_return  step=1780  global_step=1.218e+04  loss=0.9542  lr=4.649e-05  wall_s=1.732e+04  traj_s_per_s=0.4  gpu_reserved_gb=60.34  eegmmidb_real_eeg_nll=1.276  real_bold_nll=1.339e+05  bold_log_scale=5.52  bold_parcels_covered=399
stage=T5_measured_return  step=1800  global_step=1.22e+04  loss=0.9718  lr=4.521e-05  wall_s=1.751e+04  traj_s_per_s=0.4  gpu_reserved_gb=60.34  eegmmidb_real_eeg_nll=1.333  real_bold_nll=1.827e+04  bold_log_scale=5.418  bold_parcels_covered=400
stage=T5_measured_return  step=1820  global_step=1.222e+04  loss=0.9908  lr=4.393e-05  wall_s=1.77e+04  traj_s_per_s=0.4  gpu_reserved_gb=60.34  eegmmidb_real_eeg_nll=1.347  real_bold_nll=1.015e+05  bold_log_scale=5.712  bold_parcels_covered=397
stage=T5_measured_return  step=1840  global_step=1.224e+04  loss=0.9767  lr=4.266e-05  wall_s=1.789e+04  traj_s_per_s=0.4  gpu_reserved_gb=60.34  eegmmidb_real_eeg_nll=1.445  real_bold_nll=4.808e+04  bold_log_scale=5.547  bold_parcels_covered=400
stage=T5_measured_return  step=1860  global_step=1.226e+04  loss=0.952  lr=4.14e-05  wall_s=1.809e+04  traj_s_per_s=0.4  gpu_reserved_gb=60.34  eegmmidb_real_eeg_nll=1.353  real_bold_nll=1.409e+05  bold_log_scale=5.492  bold_parcels_covered=400
stage=T5_measured_return  step=1880  global_step=1.228e+04  loss=0.9776  lr=4.014e-05  wall_s=1.828e+04  traj_s_per_s=0.4  gpu_reserved_gb=60.34  eegmmidb_real_eeg_nll=1.44  real_bold_nll=3556  bold_log_scale=5.644  bold_parcels_covered=379
stage=T5_measured_return  step=1900  global_step=1.23e+04  loss=0.9105  lr=3.89e-05  wall_s=1.847e+04  traj_s_per_s=0.4  gpu_reserved_gb=60.34  eegmmidb_real_eeg_nll=1.397  real_bold_nll=4649  bold_log_scale=5.617  bold_parcels_covered=397
stage=T5_measured_return  step=1920  global_step=1.232e+04  loss=1.08  lr=3.767e-05  wall_s=1.866e+04  traj_s_per_s=0.4  gpu_reserved_gb=60.34  eegmmidb_real_eeg_nll=1.42  real_bold_nll=1.01e+05  bold_log_scale=5.669  bold_parcels_covered=398
stage=T5_measured_return  step=1940  global_step=1.234e+04  loss=0.9768  lr=3.644e-05  wall_s=1.885e+04  traj_s_per_s=0.4  gpu_reserved_gb=60.34  eegmmidb_real_eeg_nll=1.383  real_bold_nll=2.484e+04  bold_log_scale=5.821  bold_parcels_covered=397
stage=T5_measured_return  step=1960  global_step=1.236e+04  loss=1.11  lr=3.523e-05  wall_s=1.904e+04  traj_s_per_s=0.4  gpu_reserved_gb=60.34  eegmmidb_real_eeg_nll=1.395  real_bold_nll=8.089e+04  bold_log_scale=5.449  bold_parcels_covered=400
stage=T5_measured_return  step=1980  global_step=1.238e+04  loss=0.9565  lr=3.404e-05  wall_s=1.923e+04  traj_s_per_s=0.4  gpu_reserved_gb=60.34  eegmmidb_real_eeg_nll=1.425  real_bold_nll=2748  bold_log_scale=5.702  bold_parcels_covered=379
stage=T5_measured_return  step=2000  global_step=1.24e+04  loss=1.033  lr=3.285e-05  wall_s=1.942e+04  traj_s_per_s=0.4  gpu_reserved_gb=60.34  eegmmidb_real_eeg_nll=1.447  real_bold_nll=1.357e+05  bold_log_scale=5.361  bold_parcels_covered=400
stage=T5_measured_return  step=2020  global_step=1.242e+04  loss=0.9753  lr=3.168e-05  wall_s=1.961e+04  traj_s_per_s=0.4  gpu_reserved_gb=60.34  eegmmidb_real_eeg_nll=1.444  real_bold_nll=1467  bold_log_scale=5.655  bold_parcels_covered=400
stage=T5_measured_return  step=2040  global_step=1.244e+04  loss=0.9952  lr=3.052e-05  wall_s=1.98e+04  traj_s_per_s=0.4  gpu_reserved_gb=60.34  eegmmidb_real_eeg_nll=1.517  real_bold_nll=1.794e+04  bold_log_scale=5.69  bold_parcels_covered=397
stage=T5_measured_return  step=2060  global_step=1.246e+04  loss=1.018  lr=2.937e-05  wall_s=1.999e+04  traj_s_per_s=0.4  gpu_reserved_gb=60.34  eegmmidb_real_eeg_nll=1.473  real_bold_nll=2856  bold_log_scale=5.725  bold_parcels_covered=400
stage=T5_measured_return  step=2080  global_step=1.248e+04  loss=0.9945  lr=2.824e-05  wall_s=2.02e+04  traj_s_per_s=0.4  gpu_reserved_gb=60.34  eegmmidb_real_eeg_nll=1.403  real_bold_nll=7.224e+04  bold_log_scale=5.709  bold_parcels_covered=398
stage=T5_measured_return  step=2100  global_step=1.25e+04  loss=1.112  lr=2.713e-05  wall_s=2.039e+04  traj_s_per_s=0.4  gpu_reserved_gb=60.34  eegmmidb_real_eeg_nll=1.414  real_bold_nll=2.901e+05  bold_log_scale=5.577  bold_parcels_covered=400
stage=T5_measured_return  step=2120  global_step=1.252e+04  loss=1.14  lr=2.603e-05  wall_s=2.056e+04  traj_s_per_s=0.4  gpu_reserved_gb=60.34  eegmmidb_real_eeg_nll=1.439  real_bold_nll=4.344e+05  bold_log_scale=5.822  bold_parcels_covered=357
stage=T5_measured_return  step=2140  global_step=1.254e+04  loss=1.012  lr=2.495e-05  wall_s=2.074e+04  traj_s_per_s=0.4  gpu_reserved_gb=60.34  eegmmidb_real_eeg_nll=1.373  real_bold_nll=2.162e+05  bold_log_scale=5.693  bold_parcels_covered=393
stage=T5_measured_return  step=2160  global_step=1.256e+04  loss=0.9891  lr=2.388e-05  wall_s=2.091e+04  traj_s_per_s=0.4  gpu_reserved_gb=60.34  eegmmidb_real_eeg_nll=1.35  real_bold_nll=2.087e+05  bold_log_scale=5.738  bold_parcels_covered=400
stage=T5_measured_return  step=2180  global_step=1.258e+04  loss=0.909  lr=2.284e-05  wall_s=2.108e+04  traj_s_per_s=0.4  gpu_reserved_gb=60.34  eegmmidb_real_eeg_nll=1.373  real_bold_nll=3630  bold_log_scale=5.67  bold_parcels_covered=400
stage=T5_measured_return  step=2200  global_step=1.26e+04  loss=0.8813  lr=2.181e-05  wall_s=2.126e+04  traj_s_per_s=0.4  gpu_reserved_gb=60.34  eegmmidb_real_eeg_nll=1.283  real_bold_nll=9715  bold_log_scale=5.884  bold_parcels_covered=391
stage=T5_measured_return  step=2220  global_step=1.262e+04  loss=0.968  lr=2.08e-05  wall_s=2.143e+04  traj_s_per_s=0.4  gpu_reserved_gb=60.34  eegmmidb_real_eeg_nll=1.47  real_bold_nll=9075  bold_log_scale=5.438  bold_parcels_covered=400
stage=T5_measured_return  step=2240  global_step=1.264e+04  loss=0.934  lr=1.98e-05  wall_s=2.161e+04  traj_s_per_s=0.4  gpu_reserved_gb=60.34  eegmmidb_real_eeg_nll=1.311  real_bold_nll=8.305e+04  bold_log_scale=5.743  bold_parcels_covered=397
stage=T5_measured_return  step=2260  global_step=1.266e+04  loss=1.055  lr=1.883e-05  wall_s=2.178e+04  traj_s_per_s=0.4  gpu_reserved_gb=60.34  eegmmidb_real_eeg_nll=1.313  real_bold_nll=2.089e+05  bold_log_scale=5.623  bold_parcels_covered=400
stage=T5_measured_return  step=2280  global_step=1.268e+04  loss=1.07  lr=1.788e-05  wall_s=2.196e+04  traj_s_per_s=0.4  gpu_reserved_gb=60.34  eegmmidb_real_eeg_nll=1.425  real_bold_nll=2.199e+05  bold_log_scale=5.618  bold_parcels_covered=397
stage=T5_measured_return  step=2300  global_step=1.27e+04  loss=0.9589  lr=1.695e-05  wall_s=2.213e+04  traj_s_per_s=0.4  gpu_reserved_gb=60.34  eegmmidb_real_eeg_nll=1.35  real_bold_nll=1.332e+05  bold_log_scale=5.498  bold_parcels_covered=400
stage=T5_measured_return  step=2320  global_step=1.272e+04  loss=0.9126  lr=1.604e-05  wall_s=2.231e+04  traj_s_per_s=0.4  gpu_reserved_gb=60.34  eegmmidb_real_eeg_nll=1.374  real_bold_nll=1.348e+04  bold_log_scale=5.887  bold_parcels_covered=395
stage=T5_measured_return  step=2340  global_step=1.274e+04  loss=1.044  lr=1.515e-05  wall_s=2.248e+04  traj_s_per_s=0.4  gpu_reserved_gb=60.34  eegmmidb_real_eeg_nll=1.515  real_bold_nll=2.294e+05  bold_log_scale=5.535  bold_parcels_covered=400
stage=T5_measured_return  step=2360  global_step=1.276e+04  loss=0.9347  lr=1.428e-05  wall_s=2.266e+04  traj_s_per_s=0.4  gpu_reserved_gb=60.34  eegmmidb_real_eeg_nll=1.406  real_bold_nll=1.652e+04  bold_log_scale=5.579  bold_parcels_covered=400
stage=T5_measured_return  step=2380  global_step=1.278e+04  loss=1.031  lr=1.343e-05  wall_s=2.283e+04  traj_s_per_s=0.4  gpu_reserved_gb=60.34  eegmmidb_real_eeg_nll=1.426  real_bold_nll=3.587e+05  bold_log_scale=5.769  bold_parcels_covered=400
stage=T5_measured_return  step=2400  global_step=1.28e+04  loss=1.103  lr=1.261e-05  wall_s=2.301e+04  traj_s_per_s=0.4  gpu_reserved_gb=60.34  eegmmidb_real_eeg_nll=1.426  real_bold_nll=4.001e+05  bold_log_scale=5.635  bold_parcels_covered=400
stage=T5_measured_return  step=2420  global_step=1.282e+04  loss=1.01  lr=1.181e-05  wall_s=2.318e+04  traj_s_per_s=0.4  gpu_reserved_gb=60.34  eegmmidb_real_eeg_nll=1.504  real_bold_nll=4055  bold_log_scale=5.556  bold_parcels_covered=398
stage=T5_measured_return  step=2440  global_step=1.284e+04  loss=0.9798  lr=1.104e-05  wall_s=2.336e+04  traj_s_per_s=0.4  gpu_reserved_gb=60.34  eegmmidb_real_eeg_nll=1.317  real_bold_nll=2.353e+05  bold_log_scale=5.728  bold_parcels_covered=398
stage=T5_measured_return  step=2460  global_step=1.286e+04  loss=1.048  lr=1.028e-05  wall_s=2.353e+04  traj_s_per_s=0.4  gpu_reserved_gb=60.34  eegmmidb_real_eeg_nll=1.461  real_bold_nll=5771  bold_log_scale=5.764  bold_parcels_covered=398
stage=T5_measured_return  step=2480  global_step=1.288e+04  loss=0.9267  lr=9.555e-06  wall_s=2.37e+04  traj_s_per_s=0.4  gpu_reserved_gb=60.34  eegmmidb_real_eeg_nll=1.366  real_bold_nll=7.513e+04  bold_log_scale=5.394  bold_parcels_covered=400
stage=T5_measured_return  step=2500  global_step=1.29e+04  loss=0.8076  lr=8.851e-06  wall_s=2.388e+04  traj_s_per_s=0.4  gpu_reserved_gb=60.34  eegmmidb_real_eeg_nll=1.173  real_bold_nll=6159  bold_log_scale=5.705  bold_parcels_covered=397
stage=T5_measured_return  step=2520  global_step=1.292e+04  loss=1.134  lr=8.172e-06  wall_s=2.406e+04  traj_s_per_s=0.4  gpu_reserved_gb=60.34  eegmmidb_real_eeg_nll=1.517  real_bold_nll=2.292e+05  bold_log_scale=5.579  bold_parcels_covered=398
stage=T5_measured_return  step=2540  global_step=1.294e+04  loss=0.8879  lr=7.518e-06  wall_s=2.423e+04  traj_s_per_s=0.4  gpu_reserved_gb=60.34  eegmmidb_real_eeg_nll=1.343  real_bold_nll=9315  bold_log_scale=5.772  bold_parcels_covered=398
stage=T5_measured_return  step=2560  global_step=1.296e+04  loss=1.09  lr=6.89e-06  wall_s=2.441e+04  traj_s_per_s=0.4  gpu_reserved_gb=60.34  eegmmidb_real_eeg_nll=1.505  real_bold_nll=2.224e+05  bold_log_scale=5.409  bold_parcels_covered=400
stage=T5_measured_return  step=2580  global_step=1.298e+04  loss=0.8742  lr=6.287e-06  wall_s=2.458e+04  traj_s_per_s=0.4  gpu_reserved_gb=60.34  eegmmidb_real_eeg_nll=1.228  real_bold_nll=1.063e+04  bold_log_scale=5.672  bold_parcels_covered=399
stage=T5_measured_return  step=2600  global_step=1.3e+04  loss=1.167  lr=5.711e-06  wall_s=2.476e+04  traj_s_per_s=0.4  gpu_reserved_gb=60.34  eegmmidb_real_eeg_nll=1.455  real_bold_nll=1.993e+05  bold_log_scale=5.645  bold_parcels_covered=399
stage=T5_measured_return  step=2620  global_step=1.302e+04  loss=0.9461  lr=5.161e-06  wall_s=2.493e+04  traj_s_per_s=0.4  gpu_reserved_gb=60.34  eegmmidb_real_eeg_nll=1.377  real_bold_nll=3.536e+04  bold_log_scale=5.377  bold_parcels_covered=400
stage=T5_measured_return  step=2640  global_step=1.304e+04  loss=1.038  lr=4.638e-06  wall_s=2.51e+04  traj_s_per_s=0.4  gpu_reserved_gb=60.34  eegmmidb_real_eeg_nll=1.451  real_bold_nll=2.046e+05  bold_log_scale=5.706  bold_parcels_covered=398
stage=T5_measured_return  step=2660  global_step=1.306e+04  loss=1  lr=4.141e-06  wall_s=2.528e+04  traj_s_per_s=0.4  gpu_reserved_gb=60.34  eegmmidb_real_eeg_nll=1.379  real_bold_nll=1.673e+05  bold_log_scale=5.634  bold_parcels_covered=395
stage=T5_measured_return  step=2680  global_step=1.308e+04  loss=0.916  lr=3.672e-06  wall_s=2.546e+04  traj_s_per_s=0.4  gpu_reserved_gb=60.34  eegmmidb_real_eeg_nll=1.354  real_bold_nll=3695  bold_log_scale=5.388  bold_parcels_covered=400
stage=T5_measured_return  step=2700  global_step=1.31e+04  loss=0.9083  lr=3.23e-06  wall_s=2.564e+04  traj_s_per_s=0.4  gpu_reserved_gb=60.34  eegmmidb_real_eeg_nll=1.435  real_bold_nll=1079  bold_log_scale=5.52  bold_parcels_covered=400
stage=T5_measured_return  step=2720  global_step=1.312e+04  loss=0.9688  lr=2.816e-06  wall_s=2.581e+04  traj_s_per_s=0.4  gpu_reserved_gb=60.34  eegmmidb_real_eeg_nll=1.328  real_bold_nll=8.123e+04  bold_log_scale=5.572  bold_parcels_covered=393
stage=T5_measured_return  step=2740  global_step=1.314e+04  loss=1.075  lr=2.429e-06  wall_s=2.6e+04  traj_s_per_s=0.4  gpu_reserved_gb=60.34  eegmmidb_real_eeg_nll=1.387  real_bold_nll=3.569e+05  bold_log_scale=5.649  bold_parcels_covered=400
stage=T5_measured_return  step=2760  global_step=1.316e+04  loss=0.9227  lr=2.071e-06  wall_s=2.617e+04  traj_s_per_s=0.4  gpu_reserved_gb=60.34  eegmmidb_real_eeg_nll=1.355  real_bold_nll=1.423e+04  bold_log_scale=5.517  bold_parcels_covered=400
stage=T5_measured_return  step=2780  global_step=1.318e+04  loss=1.099  lr=1.74e-06  wall_s=2.635e+04  traj_s_per_s=0.4  gpu_reserved_gb=60.34  eegmmidb_real_eeg_nll=1.333  real_bold_nll=2.306e+05  bold_log_scale=5.729  bold_parcels_covered=397
stage=T5_measured_return  step=2800  global_step=1.32e+04  loss=0.9272  lr=1.438e-06  wall_s=2.653e+04  traj_s_per_s=0.4  gpu_reserved_gb=60.34  eegmmidb_real_eeg_nll=1.289  real_bold_nll=3315  bold_log_scale=5.532  bold_parcels_covered=400
stage=T5_measured_return  step=2820  global_step=1.322e+04  loss=1.062  lr=1.165e-06  wall_s=2.671e+04  traj_s_per_s=0.4  gpu_reserved_gb=60.34  eegmmidb_real_eeg_nll=1.329  real_bold_nll=2.009e+05  bold_log_scale=5.817  bold_parcels_covered=357
stage=T5_measured_return  step=2840  global_step=1.324e+04  loss=1.098  lr=9.197e-07  wall_s=2.688e+04  traj_s_per_s=0.4  gpu_reserved_gb=60.34  eegmmidb_real_eeg_nll=1.413  real_bold_nll=2.562e+05  bold_log_scale=5.849  bold_parcels_covered=400
stage=T5_measured_return  step=2860  global_step=1.326e+04  loss=0.9034  lr=7.034e-07  wall_s=2.706e+04  traj_s_per_s=0.4  gpu_reserved_gb=60.34  eegmmidb_real_eeg_nll=1.328  real_bold_nll=6665  bold_log_scale=5.633  bold_parcels_covered=378
stage=T5_measured_return  step=2880  global_step=1.328e+04  loss=0.9701  lr=5.159e-07  wall_s=2.724e+04  traj_s_per_s=0.4  gpu_reserved_gb=60.34  eegmmidb_real_eeg_nll=1.454  real_bold_nll=7.221e+04  bold_log_scale=5.665  bold_parcels_covered=399
stage=T5_measured_return  step=2900  global_step=1.33e+04  loss=0.9781  lr=3.574e-07  wall_s=2.741e+04  traj_s_per_s=0.4  gpu_reserved_gb=60.34  eegmmidb_real_eeg_nll=1.527  real_bold_nll=2.373e+04  bold_log_scale=5.714  bold_parcels_covered=400
stage=T5_measured_return  step=2920  global_step=1.332e+04  loss=0.9633  lr=2.278e-07  wall_s=2.759e+04  traj_s_per_s=0.4  gpu_reserved_gb=60.34  eegmmidb_real_eeg_nll=1.464  real_bold_nll=4259  bold_log_scale=5.663  bold_parcels_covered=400
stage=T5_measured_return  step=2940  global_step=1.334e+04  loss=1.046  lr=1.273e-07  wall_s=2.777e+04  traj_s_per_s=0.4  gpu_reserved_gb=60.34  eegmmidb_real_eeg_nll=1.418  real_bold_nll=2.254e+05  bold_log_scale=5.711  bold_parcels_covered=400
stage=T5_measured_return  step=2960  global_step=1.336e+04  loss=0.9082  lr=5.592e-08  wall_s=2.794e+04  traj_s_per_s=0.4  gpu_reserved_gb=60.34  eegmmidb_real_eeg_nll=1.394  real_bold_nll=8755  bold_log_scale=5.817  bold_parcels_covered=400
stage=T5_measured_return  step=2980  global_step=1.338e+04  loss=0.9239  lr=1.364e-08  wall_s=2.812e+04  traj_s_per_s=0.4  gpu_reserved_gb=60.34  eegmmidb_real_eeg_nll=1.403  real_bold_nll=7.54e+04  bold_log_scale=5.666  bold_parcels_covered=400
stage=T5_measured_return  step=3000  global_step=1.34e+04  loss=0.895  lr=5.165e-10  wall_s=2.83e+04  traj_s_per_s=0.4  gpu_reserved_gb=60.34  eegmmidb_real_eeg_nll=1.336  real_bold_nll=3.647e+04  bold_log_scale=5.774  bold_parcels_covered=399
[noise-floor after:T5_measured_return] log_noise -0.6259 -> -0.7702  (variance 2720.0188 -> 6649.7432, realised 19.1901)

=== Stage T6_individual: 1200 steps, lr=0.0006 ===
[curriculum] T6_individual: tiers [1] sources ['ds000117_behaviour', 'ds000117_real', 'ds002336_real', 'ds004024_perturb', 'ds004024_rest_real', 'eegmmidb_real', 'sleepedf_real'] absent_tiers [] provenance=config:extra.curriculum
[curriculum] T6_individual: admitted with an EMPTY permission set, so skipped: ['ds000117_behaviour', 'ds002336_real']. Their cards and this stage's tier_permissions do not overlap; they would cost a rollout and grant nothing.
stage=T6_individual  step=1  global_step=1.34e+04  loss=1  lr=2.441e-05  wall_s=3.2  traj_s_per_s=1.3  gpu_reserved_gb=60.34  eegmmidb_real_eeg_nll=1.285  sleepedf_real_eeg_nll=1.393  ds000117_real_eeg_nll=1.381  ds004024_rest_real_eeg_nll=1.413
stage=T6_individual  step=20  global_step=1.342e+04  loss=0.9738  lr=0.0001724  wall_s=66.5  traj_s_per_s=1.2  gpu_reserved_gb=60.34  eegmmidb_real_eeg_nll=1.476  sleepedf_real_eeg_nll=1.856  ds000117_real_eeg_nll=1.275  ds004024_rest_real_eeg_nll=1.343
stage=T6_individual  step=40  global_step=1.344e+04  loss=0.9886  lr=0.0004648  wall_s=132.6  traj_s_per_s=1.2  gpu_reserved_gb=60.34  eegmmidb_real_eeg_nll=1.468  sleepedf_real_eeg_nll=1.803  ds000117_real_eeg_nll=1.293  ds004024_rest_real_eeg_nll=1.421
stage=T6_individual  step=60  global_step=1.346e+04  loss=1.016  lr=0.0006  wall_s=202.1  traj_s_per_s=1.2  gpu_reserved_gb=60.34  eegmmidb_real_eeg_nll=1.489  sleepedf_real_eeg_nll=1.826  ds000117_real_eeg_nll=1.155  ds004024_rest_real_eeg_nll=1.421
stage=T6_individual  step=80  global_step=1.348e+04  loss=0.9058  lr=0.0005995  wall_s=270.9  traj_s_per_s=1.2  gpu_reserved_gb=60.34  eegmmidb_real_eeg_nll=1.31  sleepedf_real_eeg_nll=1.643  ds000117_real_eeg_nll=1.11  ds004024_rest_real_eeg_nll=1.047
stage=T6_individual  step=100  global_step=1.35e+04  loss=1.032  lr=0.0005981  wall_s=339  traj_s_per_s=1.2  gpu_reserved_gb=60.34  eegmmidb_real_eeg_nll=1.653  sleepedf_real_eeg_nll=1.433  ds000117_real_eeg_nll=1.052  ds004024_rest_real_eeg_nll=1.207
stage=T6_individual  step=120  global_step=1.352e+04  loss=0.9582  lr=0.0005958  wall_s=408.4  traj_s_per_s=1.2  gpu_reserved_gb=60.34  eegmmidb_real_eeg_nll=1.417  sleepedf_real_eeg_nll=1.599  ds000117_real_eeg_nll=1.498  ds004024_rest_real_eeg_nll=1.05
stage=T6_individual  step=140  global_step=1.354e+04  loss=1.029  lr=0.0005926  wall_s=476.6  traj_s_per_s=1.2  gpu_reserved_gb=60.34  eegmmidb_real_eeg_nll=1.554  sleepedf_real_eeg_nll=1.587  ds000117_real_eeg_nll=1.308  ds004024_rest_real_eeg_nll=1.493
stage=T6_individual  step=160  global_step=1.356e+04  loss=0.9745  lr=0.0005885  wall_s=545.4  traj_s_per_s=1.2  gpu_reserved_gb=60.34  eegmmidb_real_eeg_nll=1.404  sleepedf_real_eeg_nll=1.607  ds000117_real_eeg_nll=1.245  ds004024_rest_real_eeg_nll=1.477
stage=T6_individual  step=180  global_step=1.358e+04  loss=1.072  lr=0.0005835  wall_s=613.7  traj_s_per_s=1.2  gpu_reserved_gb=60.34  eegmmidb_real_eeg_nll=1.547  sleepedf_real_eeg_nll=1.791  ds000117_real_eeg_nll=1.584  ds004024_rest_real_eeg_nll=1.313
stage=T6_individual  step=200  global_step=1.36e+04  loss=0.968  lr=0.0005776  wall_s=681.4  traj_s_per_s=1.2  gpu_reserved_gb=60.34  eegmmidb_real_eeg_nll=1.487  sleepedf_real_eeg_nll=1.289  ds000117_real_eeg_nll=1.249  ds004024_rest_real_eeg_nll=1.33
stage=T6_individual  step=220  global_step=1.362e+04  loss=1.008  lr=0.000571  wall_s=750.2  traj_s_per_s=1.2  gpu_reserved_gb=60.34  eegmmidb_real_eeg_nll=1.435  sleepedf_real_eeg_nll=1.724  ds000117_real_eeg_nll=1.223  ds004024_rest_real_eeg_nll=1.102
stage=T6_individual  step=240  global_step=1.364e+04  loss=1.026  lr=0.0005634  wall_s=817.1  traj_s_per_s=1.2  gpu_reserved_gb=60.34  eegmmidb_real_eeg_nll=1.455  sleepedf_real_eeg_nll=1.843  ds000117_real_eeg_nll=1.019  ds004024_rest_real_eeg_nll=1.516
stage=T6_individual  step=260  global_step=1.366e+04  loss=0.957  lr=0.0005551  wall_s=883.2  traj_s_per_s=1.2  gpu_reserved_gb=60.34  eegmmidb_real_eeg_nll=1.409  sleepedf_real_eeg_nll=1.495  ds000117_real_eeg_nll=0.9865  ds004024_rest_real_eeg_nll=1.445
stage=T6_individual  step=280  global_step=1.368e+04  loss=1.015  lr=0.0005461  wall_s=949.7  traj_s_per_s=1.2  gpu_reserved_gb=60.34  eegmmidb_real_eeg_nll=1.471  sleepedf_real_eeg_nll=1.68  ds000117_real_eeg_nll=1.268  ds004024_rest_real_eeg_nll=1.509
stage=T6_individual  step=300  global_step=1.37e+04  loss=0.9876  lr=0.0005362  wall_s=1016  traj_s_per_s=1.2  gpu_reserved_gb=60.34  eegmmidb_real_eeg_nll=1.408  sleepedf_real_eeg_nll=1.645  ds000117_real_eeg_nll=1.384  ds004024_rest_real_eeg_nll=1.388
stage=T6_individual  step=320  global_step=1.372e+04  loss=0.9894  lr=0.0005257  wall_s=1084  traj_s_per_s=1.2  gpu_reserved_gb=60.34  eegmmidb_real_eeg_nll=1.456  sleepedf_real_eeg_nll=1.563  ds000117_real_eeg_nll=1.205  ds004024_rest_real_eeg_nll=1.311
stage=T6_individual  step=340  global_step=1.374e+04  loss=0.9921  lr=0.0005145  wall_s=1150  traj_s_per_s=1.2  gpu_reserved_gb=60.34  eegmmidb_real_eeg_nll=1.451  sleepedf_real_eeg_nll=1.52  ds000117_real_eeg_nll=1.388  ds004024_rest_real_eeg_nll=1.462
stage=T6_individual  step=360  global_step=1.376e+04  loss=0.9933  lr=0.0005026  wall_s=1218  traj_s_per_s=1.2  gpu_reserved_gb=60.34  eegmmidb_real_eeg_nll=1.458  sleepedf_real_eeg_nll=1.479  ds000117_real_eeg_nll=1.429  ds004024_rest_real_eeg_nll=1.131
stage=T6_individual  step=380  global_step=1.378e+04  loss=1.156  lr=0.0004901  wall_s=1286  traj_s_per_s=1.2  gpu_reserved_gb=60.34  eegmmidb_real_eeg_nll=1.708  sleepedf_real_eeg_nll=1.864  ds000117_real_eeg_nll=1.31  ds004024_rest_real_eeg_nll=1.333
stage=T6_individual  step=400  global_step=1.38e+04  loss=1.016  lr=0.000477  wall_s=1353  traj_s_per_s=1.2  gpu_reserved_gb=60.34  eegmmidb_real_eeg_nll=1.472  sleepedf_real_eeg_nll=1.666  ds000117_real_eeg_nll=1.197  ds004024_rest_real_eeg_nll=1.414
stage=T6_individual  step=420  global_step=1.382e+04  loss=0.9295  lr=0.0004634  wall_s=1421  traj_s_per_s=1.2  gpu_reserved_gb=60.34  eegmmidb_real_eeg_nll=1.342  sleepedf_real_eeg_nll=1.538  ds000117_real_eeg_nll=1.255  ds004024_rest_real_eeg_nll=1.439
stage=T6_individual  step=440  global_step=1.384e+04  loss=0.9934  lr=0.0004493  wall_s=1487  traj_s_per_s=1.2  gpu_reserved_gb=60.34  eegmmidb_real_eeg_nll=1.398  sleepedf_real_eeg_nll=1.766  ds000117_real_eeg_nll=1.463  ds004024_rest_real_eeg_nll=1.44
stage=T6_individual  step=460  global_step=1.386e+04  loss=1.046  lr=0.0004347  wall_s=1553  traj_s_per_s=1.2  gpu_reserved_gb=60.34  eegmmidb_real_eeg_nll=1.395  sleepedf_real_eeg_nll=2.112  ds000117_real_eeg_nll=1.381  ds004024_rest_real_eeg_nll=1.367
stage=T6_individual  step=480  global_step=1.388e+04  loss=1.025  lr=0.0004198  wall_s=1621  traj_s_per_s=1.2  gpu_reserved_gb=60.34  eegmmidb_real_eeg_nll=1.425  sleepedf_real_eeg_nll=1.732  ds000117_real_eeg_nll=1.329  ds004024_rest_real_eeg_nll=1.342
stage=T6_individual  step=500  global_step=1.39e+04  loss=0.9322  lr=0.0004044  wall_s=1688  traj_s_per_s=1.2  gpu_reserved_gb=60.34  eegmmidb_real_eeg_nll=1.314  sleepedf_real_eeg_nll=1.602  ds000117_real_eeg_nll=1.134  ds004024_rest_real_eeg_nll=1.187
stage=T6_individual  step=520  global_step=1.392e+04  loss=1.098  lr=0.0003888  wall_s=1755  traj_s_per_s=1.2  gpu_reserved_gb=60.34  eegmmidb_real_eeg_nll=1.601  sleepedf_real_eeg_nll=1.685  ds000117_real_eeg_nll=1.174  ds004024_rest_real_eeg_nll=1.425
stage=T6_individual  step=540  global_step=1.394e+04  loss=1.009  lr=0.0003728  wall_s=1823  traj_s_per_s=1.2  gpu_reserved_gb=60.34  eegmmidb_real_eeg_nll=1.443  sleepedf_real_eeg_nll=1.59  ds000117_real_eeg_nll=1.338  ds004024_rest_real_eeg_nll=1.142
stage=T6_individual  step=560  global_step=1.396e+04  loss=0.9646  lr=0.0003567  wall_s=1890  traj_s_per_s=1.2  gpu_reserved_gb=60.34  eegmmidb_real_eeg_nll=1.377  sleepedf_real_eeg_nll=1.566  ds000117_real_eeg_nll=1.007  ds004024_rest_real_eeg_nll=1.299
stage=T6_individual  step=580  global_step=1.398e+04  loss=1.007  lr=0.0003404  wall_s=1958  traj_s_per_s=1.2  gpu_reserved_gb=60.34  eegmmidb_real_eeg_nll=1.381  sleepedf_real_eeg_nll=1.764  ds000117_real_eeg_nll=1.199  ds004024_rest_real_eeg_nll=1.426
stage=T6_individual  step=600  global_step=1.4e+04  loss=0.9615  lr=0.000324  wall_s=2027  traj_s_per_s=1.2  gpu_reserved_gb=60.34  eegmmidb_real_eeg_nll=1.387  sleepedf_real_eeg_nll=1.571  ds000117_real_eeg_nll=1.29  ds004024_rest_real_eeg_nll=1.366
stage=T6_individual  step=620  global_step=1.402e+04  loss=0.93  lr=0.0003074  wall_s=2095  traj_s_per_s=1.2  gpu_reserved_gb=60.34  eegmmidb_real_eeg_nll=1.406  sleepedf_real_eeg_nll=1.264  ds000117_real_eeg_nll=1.682  ds004024_rest_real_eeg_nll=1.352
stage=T6_individual  step=640  global_step=1.404e+04  loss=0.9524  lr=0.0002909  wall_s=2162  traj_s_per_s=1.2  gpu_reserved_gb=60.34  eegmmidb_real_eeg_nll=1.405  sleepedf_real_eeg_nll=1.423  ds000117_real_eeg_nll=1.187  ds004024_rest_real_eeg_nll=1.21
stage=T6_individual  step=660  global_step=1.406e+04  loss=1.003  lr=0.0002744  wall_s=2229  traj_s_per_s=1.2  gpu_reserved_gb=60.34  eegmmidb_real_eeg_nll=1.466  sleepedf_real_eeg_nll=1.497  ds000117_real_eeg_nll=1.346  ds004024_rest_real_eeg_nll=1.368
stage=T6_individual  step=680  global_step=1.408e+04  loss=1.105  lr=0.000258  wall_s=2296  traj_s_per_s=1.2  gpu_reserved_gb=60.34  eegmmidb_real_eeg_nll=1.422  sleepedf_real_eeg_nll=2.407  ds000117_real_eeg_nll=1.067  ds004024_rest_real_eeg_nll=1.397
stage=T6_individual  step=700  global_step=1.41e+04  loss=1.025  lr=0.0002417  wall_s=2363  traj_s_per_s=1.2  gpu_reserved_gb=60.34  eegmmidb_real_eeg_nll=1.546  sleepedf_real_eeg_nll=1.409  ds000117_real_eeg_nll=1.44  ds004024_rest_real_eeg_nll=1.252
stage=T6_individual  step=720  global_step=1.412e+04  loss=1.005  lr=0.0002256  wall_s=2431  traj_s_per_s=1.2  gpu_reserved_gb=60.34  eegmmidb_real_eeg_nll=1.475  sleepedf_real_eeg_nll=1.572  ds000117_real_eeg_nll=1.126  ds004024_rest_real_eeg_nll=1.423
stage=T6_individual  step=740  global_step=1.414e+04  loss=0.9322  lr=0.0002097  wall_s=2500  traj_s_per_s=1.2  gpu_reserved_gb=60.34  eegmmidb_real_eeg_nll=1.337  sleepedf_real_eeg_nll=1.491  ds000117_real_eeg_nll=1.24  ds004024_rest_real_eeg_nll=1.387
stage=T6_individual  step=760  global_step=1.416e+04  loss=1.034  lr=0.000194  wall_s=2568  traj_s_per_s=1.2  gpu_reserved_gb=60.34  eegmmidb_real_eeg_nll=1.449  sleepedf_real_eeg_nll=1.684  ds000117_real_eeg_nll=1.45  ds004024_rest_real_eeg_nll=1.418
stage=T6_individual  step=780  global_step=1.418e+04  loss=1.076  lr=0.0001787  wall_s=2636  traj_s_per_s=1.2  gpu_reserved_gb=60.34  eegmmidb_real_eeg_nll=1.439  sleepedf_real_eeg_nll=1.769  ds000117_real_eeg_nll=1.457  ds004024_rest_real_eeg_nll=1.452
stage=T6_individual  step=800  global_step=1.42e+04  loss=0.9828  lr=0.0001638  wall_s=2703  traj_s_per_s=1.2  gpu_reserved_gb=60.34  eegmmidb_real_eeg_nll=1.383  sleepedf_real_eeg_nll=1.56  ds000117_real_eeg_nll=1.413  ds004024_rest_real_eeg_nll=1.443
stage=T6_individual  step=820  global_step=1.422e+04  loss=0.9922  lr=0.0001493  wall_s=2770  traj_s_per_s=1.2  gpu_reserved_gb=60.34  eegmmidb_real_eeg_nll=1.401  sleepedf_real_eeg_nll=1.591  ds000117_real_eeg_nll=1.225  ds004024_rest_real_eeg_nll=1.398
stage=T6_individual  step=840  global_step=1.424e+04  loss=0.9716  lr=0.0001352  wall_s=2838  traj_s_per_s=1.2  gpu_reserved_gb=60.34  eegmmidb_real_eeg_nll=1.408  sleepedf_real_eeg_nll=1.53  ds000117_real_eeg_nll=1.184  ds004024_rest_real_eeg_nll=1.4
stage=T6_individual  step=860  global_step=1.426e+04  loss=1.01  lr=0.0001217  wall_s=2907  traj_s_per_s=1.2  gpu_reserved_gb=60.34  eegmmidb_real_eeg_nll=1.486  sleepedf_real_eeg_nll=1.582  ds000117_real_eeg_nll=1.139  ds004024_rest_real_eeg_nll=1.432
stage=T6_individual  step=880  global_step=1.428e+04  loss=0.9989  lr=0.0001086  wall_s=2976  traj_s_per_s=1.2  gpu_reserved_gb=60.34  eegmmidb_real_eeg_nll=1.421  sleepedf_real_eeg_nll=1.689  ds000117_real_eeg_nll=1.269  ds004024_rest_real_eeg_nll=1.466
stage=T6_individual  step=900  global_step=1.43e+04  loss=1.124  lr=9.621e-05  wall_s=3044  traj_s_per_s=1.2  gpu_reserved_gb=60.34  eegmmidb_real_eeg_nll=1.664  sleepedf_real_eeg_nll=1.772  ds000117_real_eeg_nll=1.371  ds004024_rest_real_eeg_nll=1.473
stage=T6_individual  step=920  global_step=1.432e+04  loss=0.9747  lr=8.439e-05  wall_s=3114  traj_s_per_s=1.2  gpu_reserved_gb=60.34  eegmmidb_real_eeg_nll=1.38  sleepedf_real_eeg_nll=1.724  ds000117_real_eeg_nll=1.353  ds004024_rest_real_eeg_nll=1.496
stage=T6_individual  step=940  global_step=1.434e+04  loss=1.006  lr=7.323e-05  wall_s=3182  traj_s_per_s=1.2  gpu_reserved_gb=60.34  eegmmidb_real_eeg_nll=1.445  sleepedf_real_eeg_nll=1.691  ds000117_real_eeg_nll=1.219  ds004024_rest_real_eeg_nll=1.386
stage=T6_individual  step=960  global_step=1.436e+04  loss=1.071  lr=6.275e-05  wall_s=3250  traj_s_per_s=1.2  gpu_reserved_gb=60.34  eegmmidb_real_eeg_nll=1.326  sleepedf_real_eeg_nll=2.572  ds000117_real_eeg_nll=1.249  ds004024_rest_real_eeg_nll=1.567
stage=T6_individual  step=980  global_step=1.438e+04  loss=1.019  lr=5.3e-05  wall_s=3320  traj_s_per_s=1.2  gpu_reserved_gb=60.34  eegmmidb_real_eeg_nll=1.44  sleepedf_real_eeg_nll=1.707  ds000117_real_eeg_nll=1.2  ds004024_rest_real_eeg_nll=1.466
stage=T6_individual  step=1000  global_step=1.44e+04  loss=0.982  lr=4.399e-05  wall_s=3386  traj_s_per_s=1.2  gpu_reserved_gb=60.34  eegmmidb_real_eeg_nll=1.444  sleepedf_real_eeg_nll=1.409  ds000117_real_eeg_nll=1.303  ds004024_rest_real_eeg_nll=1.418
stage=T6_individual  step=1020  global_step=1.442e+04  loss=1  lr=3.577e-05  wall_s=3453  traj_s_per_s=1.2  gpu_reserved_gb=60.34  eegmmidb_real_eeg_nll=1.386  sleepedf_real_eeg_nll=1.745  ds000117_real_eeg_nll=1.279  ds004024_rest_real_eeg_nll=1.452
stage=T6_individual  step=1040  global_step=1.444e+04  loss=1.016  lr=2.834e-05  wall_s=3520  traj_s_per_s=1.2  gpu_reserved_gb=60.34  eegmmidb_real_eeg_nll=1.455  sleepedf_real_eeg_nll=1.532  ds000117_real_eeg_nll=1.068  ds004024_rest_real_eeg_nll=1.565
stage=T6_individual  step=1060  global_step=1.446e+04  loss=0.9887  lr=2.174e-05  wall_s=3588  traj_s_per_s=1.2  gpu_reserved_gb=60.34  eegmmidb_real_eeg_nll=1.452  sleepedf_real_eeg_nll=1.362  ds000117_real_eeg_nll=1.29  ds004024_rest_real_eeg_nll=1.364
stage=T6_individual  step=1080  global_step=1.448e+04  loss=1.024  lr=1.599e-05  wall_s=3656  traj_s_per_s=1.2  gpu_reserved_gb=60.34  eegmmidb_real_eeg_nll=1.446  sleepedf_real_eeg_nll=1.618  ds000117_real_eeg_nll=1.264  ds004024_rest_real_eeg_nll=1.443
stage=T6_individual  step=1100  global_step=1.45e+04  loss=0.981  lr=1.11e-05  wall_s=3725  traj_s_per_s=1.2  gpu_reserved_gb=60.34  eegmmidb_real_eeg_nll=1.281  sleepedf_real_eeg_nll=1.918  ds000117_real_eeg_nll=1.291  ds004024_rest_real_eeg_nll=1.581
stage=T6_individual  step=1120  global_step=1.452e+04  loss=0.9775  lr=7.084e-06  wall_s=3794  traj_s_per_s=1.2  gpu_reserved_gb=60.34  eegmmidb_real_eeg_nll=1.369  sleepedf_real_eeg_nll=1.638  ds000117_real_eeg_nll=1.381  ds004024_rest_real_eeg_nll=1.19
stage=T6_individual  step=1140  global_step=1.454e+04  loss=1.108  lr=3.959e-06  wall_s=3862  traj_s_per_s=1.2  gpu_reserved_gb=60.34  eegmmidb_real_eeg_nll=1.488  sleepedf_real_eeg_nll=2.111  ds000117_real_eeg_nll=1.585  ds004024_rest_real_eeg_nll=1.396
stage=T6_individual  step=1160  global_step=1.456e+04  loss=1.003  lr=1.733e-06  wall_s=3929  traj_s_per_s=1.2  gpu_reserved_gb=60.34  eegmmidb_real_eeg_nll=1.447  sleepedf_real_eeg_nll=1.572  ds000117_real_eeg_nll=1.529  ds004024_rest_real_eeg_nll=1.403
stage=T6_individual  step=1180  global_step=1.458e+04  loss=1.019  lr=4.135e-07  wall_s=3997  traj_s_per_s=1.2  gpu_reserved_gb=60.34  eegmmidb_real_eeg_nll=1.395  sleepedf_real_eeg_nll=1.934  ds000117_real_eeg_nll=1.317  ds004024_rest_real_eeg_nll=1.542
stage=T6_individual  step=1200  global_step=1.46e+04  loss=1.021  lr=3.539e-09  wall_s=4067  traj_s_per_s=1.2  gpu_reserved_gb=60.34  eegmmidb_real_eeg_nll=1.416  sleepedf_real_eeg_nll=1.822  ds000117_real_eeg_nll=1.272  ds004024_rest_real_eeg_nll=1.405
[noise-floor after:T6_individual] log_noise -0.7165 -> -0.7629  (variance 4495.2744 -> 6658.1465, realised 19.2380)
